"","param","mean","se_mean","sd","X2.5.","X25.","X50.","X75.","X97.5.","n_eff","Rhat","method","software"
"1","var_ratio[1]",3.46,0,0.12,3.24,3.38,3.45,3.53,3.69,1000,1,"cross","ANTs"
"2","var_ratio[2]",2.37,0,0.08,2.2,2.31,2.36,2.42,2.52,1000,1,"cross","ANTs"
"3","var_ratio[3]",2.86,0,0.1,2.68,2.79,2.86,2.92,3.06,1000,1,"cross","ANTs"
"4","var_ratio[4]",3.4,0,0.1,3.19,3.33,3.4,3.46,3.6,1000,1,"cross","ANTs"
"5","var_ratio[5]",3.39,0,0.11,3.18,3.32,3.39,3.46,3.6,1000,1,"cross","ANTs"
"6","var_ratio[6]",3.03,0,0.1,2.84,2.96,3.03,3.1,3.24,1000,1,"cross","ANTs"
"7","var_ratio[7]",2.97,0,0.1,2.78,2.91,2.97,3.03,3.17,1000,1,"cross","ANTs"
"8","var_ratio[8]",3.49,0,0.11,3.28,3.42,3.48,3.57,3.71,1000,1,"cross","ANTs"
"9","var_ratio[9]",3.02,0,0.09,2.86,2.96,3.02,3.08,3.2,1000,1,"cross","ANTs"
"10","var_ratio[10]",3.41,0,0.11,3.18,3.33,3.41,3.49,3.61,1000,1,"cross","ANTs"
"11","var_ratio[11]",3.03,0,0.1,2.85,2.97,3.03,3.1,3.23,1000,1,"cross","ANTs"
"12","var_ratio[12]",3.01,0,0.1,2.82,2.95,3.01,3.08,3.21,1000,1,"cross","ANTs"
"13","var_ratio[13]",3.09,0,0.1,2.89,3.02,3.09,3.16,3.3,1000,1,"cross","ANTs"
"14","var_ratio[14]",3.92,0,0.13,3.68,3.83,3.91,4,4.17,1000,1,"cross","ANTs"
"15","var_ratio[15]",2.93,0,0.1,2.73,2.85,2.93,2.99,3.12,1000,1,"cross","ANTs"
"16","var_ratio[16]",2.84,0,0.1,2.66,2.77,2.84,2.9,3.03,1000,1,"cross","ANTs"
"17","var_ratio[17]",2.74,0,0.09,2.56,2.68,2.74,2.8,2.93,1000,1,"cross","ANTs"
"18","var_ratio[18]",2.95,0,0.1,2.77,2.88,2.94,3.01,3.16,1000,1,"cross","ANTs"
"19","var_ratio[19]",2.45,0,0.09,2.29,2.39,2.45,2.51,2.62,1000,1,"cross","ANTs"
"20","var_ratio[20]",2.69,0,0.08,2.53,2.63,2.69,2.74,2.85,1000,1,"cross","ANTs"
"21","var_ratio[21]",3.57,0,0.12,3.35,3.48,3.57,3.65,3.81,1000,1,"cross","ANTs"
"22","var_ratio[22]",2.61,0,0.09,2.44,2.55,2.61,2.67,2.79,1000,1,"cross","ANTs"
"23","var_ratio[23]",3.72,0,0.12,3.47,3.64,3.71,3.79,3.96,1000,1,"cross","ANTs"
"24","var_ratio[24]",3.08,0,0.1,2.88,3,3.07,3.14,3.28,1000,1,"cross","ANTs"
"25","var_ratio[25]",2.69,0,0.09,2.51,2.62,2.68,2.74,2.88,1000,1,"cross","ANTs"
"26","var_ratio[26]",2.51,0,0.09,2.35,2.44,2.5,2.57,2.68,1000,1,"cross","ANTs"
"27","var_ratio[27]",2.87,0,0.09,2.69,2.81,2.87,2.93,3.06,1000,1,"cross","ANTs"
"28","var_ratio[28]",3.28,0,0.11,3.07,3.21,3.27,3.34,3.48,1000,1,"cross","ANTs"
"29","var_ratio[29]",2.88,0,0.1,2.7,2.82,2.88,2.95,3.08,1000,1,"cross","ANTs"
"30","var_ratio[30]",2.26,0,0.08,2.11,2.2,2.25,2.31,2.41,1000,1,"cross","ANTs"
"31","var_ratio[31]",3.57,0,0.12,3.36,3.49,3.57,3.65,3.8,1000,1,"cross","ANTs"
"32","var_ratio[32]",3.58,0,0.12,3.33,3.49,3.57,3.66,3.83,1000,1,"cross","ANTs"
"33","var_ratio[33]",2.45,0,0.08,2.31,2.39,2.45,2.5,2.6,1000,1,"cross","ANTs"
"34","var_ratio[34]",2.54,0,0.08,2.38,2.49,2.54,2.59,2.72,1000,1,"cross","ANTs"
"35","var_ratio[35]",3.14,0,0.11,2.93,3.07,3.14,3.21,3.37,1000,1,"cross","ANTs"
"36","var_ratio[36]",3.01,0,0.1,2.84,2.94,3.01,3.07,3.2,1000,1,"cross","ANTs"
"37","var_ratio[37]",2.94,0,0.1,2.74,2.87,2.93,3,3.13,1000,1,"cross","ANTs"
"38","var_ratio[38]",2.74,0,0.09,2.57,2.68,2.75,2.8,2.92,1000,1,"cross","ANTs"
"39","var_ratio[39]",3.46,0,0.11,3.25,3.38,3.45,3.53,3.68,1000,1,"cross","ANTs"
"40","var_ratio[40]",2.78,0,0.09,2.63,2.72,2.78,2.84,2.96,1000,1,"cross","ANTs"
"41","var_ratio[41]",3.1,0,0.1,2.9,3.02,3.09,3.17,3.29,1000,1,"cross","ANTs"
"42","var_ratio[42]",2.59,0,0.09,2.42,2.52,2.59,2.65,2.76,1000,1,"cross","ANTs"
"43","var_ratio[43]",3.05,0,0.1,2.85,2.98,3.05,3.11,3.24,1000,1,"cross","ANTs"
"44","var_ratio[44]",2.95,0,0.1,2.76,2.88,2.95,3.01,3.13,1000,1,"cross","ANTs"
"45","var_ratio[45]",3.5,0,0.12,3.29,3.43,3.5,3.58,3.75,1000,1,"cross","ANTs"
"46","var_ratio[46]",2.76,0,0.09,2.59,2.7,2.75,2.82,2.94,1000,1,"cross","ANTs"
"47","var_ratio[47]",2.75,0,0.09,2.58,2.68,2.74,2.8,2.93,1000,1,"cross","ANTs"
"48","var_ratio[48]",2.77,0,0.09,2.59,2.71,2.76,2.83,2.95,1000,1,"cross","ANTs"
"49","var_ratio[49]",2.89,0,0.09,2.71,2.83,2.89,2.95,3.08,1000,1,"cross","ANTs"
"50","var_ratio[50]",2.39,0,0.08,2.24,2.34,2.39,2.45,2.55,1000,1.01,"cross","ANTs"
"51","var_ratio[51]",2.66,0,0.09,2.5,2.6,2.65,2.71,2.83,1000,1,"cross","ANTs"
"52","var_ratio[52]",3.55,0,0.12,3.32,3.47,3.55,3.63,3.81,1000,1,"cross","ANTs"
"53","var_ratio[53]",2.6,0,0.09,2.43,2.54,2.6,2.67,2.77,1000,1,"cross","ANTs"
"54","var_ratio[54]",3.44,0,0.11,3.23,3.36,3.43,3.51,3.67,1000,1,"cross","ANTs"
"55","var_ratio[55]",3.33,0,0.1,3.13,3.26,3.34,3.41,3.52,1000,1,"cross","ANTs"
"56","var_ratio[56]",2.89,0,0.09,2.71,2.83,2.89,2.95,3.07,1000,1,"cross","ANTs"
"57","var_ratio[57]",2.73,0,0.09,2.57,2.67,2.73,2.8,2.91,1000,1,"cross","ANTs"
"58","var_ratio[58]",2.82,0,0.1,2.64,2.75,2.82,2.88,3,1000,1,"cross","ANTs"
"59","var_ratio[59]",3.14,0,0.1,2.95,3.07,3.14,3.21,3.34,1000,1,"cross","ANTs"
"60","var_ratio[60]",2.7,0,0.09,2.51,2.64,2.7,2.76,2.89,1000,1,"cross","ANTs"
"61","var_ratio[61]",2.19,0,0.07,2.06,2.14,2.19,2.24,2.33,1000,1,"cross","ANTs"
"62","var_ratio[62]",3.68,0,0.12,3.46,3.59,3.68,3.76,3.91,1000,1,"cross","ANTs"
"63","sigma[1]",0.28,0,0,0.27,0.28,0.28,0.29,0.29,1000,1,"cross","ANTs"
"64","sigma[2]",0.39,0,0.01,0.38,0.38,0.39,0.39,0.4,1000,1,"cross","ANTs"
"65","sigma[3]",0.33,0,0.01,0.32,0.33,0.33,0.34,0.35,783,1,"cross","ANTs"
"66","sigma[4]",0.28,0,0,0.27,0.28,0.28,0.29,0.29,1000,1,"cross","ANTs"
"67","sigma[5]",0.29,0,0,0.28,0.28,0.29,0.29,0.29,1000,1,"cross","ANTs"
"68","sigma[6]",0.32,0,0.01,0.31,0.31,0.32,0.32,0.33,1000,1,"cross","ANTs"
"69","sigma[7]",0.32,0,0,0.31,0.32,0.32,0.32,0.33,1000,1,"cross","ANTs"
"70","sigma[8]",0.28,0,0,0.27,0.27,0.28,0.28,0.29,1000,1,"cross","ANTs"
"71","sigma[9]",0.32,0,0.01,0.3,0.31,0.31,0.32,0.33,1000,1,"cross","ANTs"
"72","sigma[10]",0.28,0,0,0.28,0.28,0.29,0.29,0.29,1000,1,"cross","ANTs"
"73","sigma[11]",0.32,0,0.01,0.31,0.31,0.32,0.32,0.33,689,1,"cross","ANTs"
"74","sigma[12]",0.32,0,0.01,0.31,0.31,0.32,0.32,0.33,1000,1,"cross","ANTs"
"75","sigma[13]",0.31,0,0,0.3,0.31,0.31,0.31,0.32,1000,1,"cross","ANTs"
"76","sigma[14]",0.25,0,0,0.24,0.25,0.25,0.25,0.26,1000,1,"cross","ANTs"
"77","sigma[15]",0.32,0,0.01,0.31,0.32,0.32,0.33,0.33,1000,1,"cross","ANTs"
"78","sigma[16]",0.33,0,0.01,0.32,0.33,0.33,0.34,0.35,1000,1,"cross","ANTs"
"79","sigma[17]",0.35,0,0.01,0.34,0.34,0.35,0.35,0.36,1000,1,"cross","ANTs"
"80","sigma[18]",0.32,0,0.01,0.31,0.32,0.32,0.33,0.33,1000,1,"cross","ANTs"
"81","sigma[19]",0.38,0,0.01,0.37,0.37,0.38,0.38,0.39,1000,1,"cross","ANTs"
"82","sigma[20]",0.35,0,0.01,0.34,0.34,0.35,0.35,0.36,1000,1,"cross","ANTs"
"83","sigma[21]",0.27,0,0,0.27,0.27,0.27,0.28,0.28,1000,1,"cross","ANTs"
"84","sigma[22]",0.36,0,0.01,0.35,0.35,0.36,0.36,0.37,1000,1,"cross","ANTs"
"85","sigma[23]",0.26,0,0,0.25,0.26,0.26,0.27,0.27,1000,1,"cross","ANTs"
"86","sigma[24]",0.31,0,0.01,0.3,0.31,0.31,0.32,0.32,1000,1,"cross","ANTs"
"87","sigma[25]",0.35,0,0.01,0.34,0.35,0.35,0.36,0.36,1000,1,"cross","ANTs"
"88","sigma[26]",0.37,0,0.01,0.36,0.37,0.37,0.38,0.38,1000,1,"cross","ANTs"
"89","sigma[27]",0.33,0,0.01,0.32,0.33,0.33,0.34,0.34,582,1,"cross","ANTs"
"90","sigma[28]",0.29,0,0.01,0.28,0.29,0.29,0.3,0.3,636,1,"cross","ANTs"
"91","sigma[29]",0.33,0,0.01,0.32,0.33,0.33,0.33,0.34,1000,1,"cross","ANTs"
"92","sigma[30]",0.41,0,0.01,0.39,0.4,0.41,0.41,0.42,1000,1,"cross","ANTs"
"93","sigma[31]",0.27,0,0,0.27,0.27,0.27,0.28,0.28,663,1,"cross","ANTs"
"94","sigma[32]",0.28,0,0,0.27,0.27,0.28,0.28,0.28,1000,1,"cross","ANTs"
"95","sigma[33]",0.38,0,0.01,0.36,0.37,0.38,0.38,0.39,1000,1,"cross","ANTs"
"96","sigma[34]",0.37,0,0.01,0.36,0.37,0.37,0.37,0.38,1000,1,"cross","ANTs"
"97","sigma[35]",0.31,0,0,0.3,0.3,0.31,0.31,0.32,1000,1,"cross","ANTs"
"98","sigma[36]",0.32,0,0.01,0.31,0.32,0.32,0.32,0.33,1000,1,"cross","ANTs"
"99","sigma[37]",0.32,0,0.01,0.31,0.32,0.32,0.33,0.33,1000,1,"cross","ANTs"
"100","sigma[38]",0.34,0,0.01,0.33,0.34,0.34,0.35,0.36,1000,1,"cross","ANTs"
"101","sigma[39]",0.28,0,0,0.27,0.28,0.28,0.28,0.29,1000,1,"cross","ANTs"
"102","sigma[40]",0.34,0,0.01,0.33,0.33,0.34,0.34,0.35,1000,1,"cross","ANTs"
"103","sigma[41]",0.31,0,0.01,0.3,0.31,0.31,0.32,0.32,1000,1,"cross","ANTs"
"104","sigma[42]",0.36,0,0.01,0.35,0.36,0.36,0.36,0.37,1000,1,"cross","ANTs"
"105","sigma[43]",0.32,0,0.01,0.31,0.31,0.32,0.32,0.33,1000,1,"cross","ANTs"
"106","sigma[44]",0.32,0,0.01,0.31,0.32,0.32,0.33,0.34,1000,1,"cross","ANTs"
"107","sigma[45]",0.28,0,0,0.27,0.28,0.28,0.28,0.29,1000,1,"cross","ANTs"
"108","sigma[46]",0.34,0,0.01,0.33,0.34,0.34,0.35,0.35,1000,1,"cross","ANTs"
"109","sigma[47]",0.35,0,0.01,0.34,0.34,0.35,0.35,0.36,1000,1,"cross","ANTs"
"110","sigma[48]",0.34,0,0.01,0.33,0.34,0.34,0.35,0.36,1000,1,"cross","ANTs"
"111","sigma[49]",0.33,0,0.01,0.32,0.33,0.33,0.33,0.34,1000,1,"cross","ANTs"
"112","sigma[50]",0.39,0,0.01,0.38,0.38,0.39,0.39,0.4,1000,1,"cross","ANTs"
"113","sigma[51]",0.35,0,0.01,0.34,0.35,0.35,0.36,0.36,782,1,"cross","ANTs"
"114","sigma[52]",0.28,0,0,0.27,0.27,0.28,0.28,0.29,1000,1,"cross","ANTs"
"115","sigma[53]",0.36,0,0.01,0.35,0.35,0.36,0.36,0.37,1000,1,"cross","ANTs"
"116","sigma[54]",0.28,0,0,0.27,0.28,0.28,0.28,0.29,1000,1,"cross","ANTs"
"117","sigma[55]",0.29,0,0,0.28,0.29,0.29,0.29,0.3,1000,1,"cross","ANTs"
"118","sigma[56]",0.33,0,0.01,0.32,0.33,0.33,0.33,0.34,1000,1,"cross","ANTs"
"119","sigma[57]",0.35,0,0.01,0.34,0.34,0.35,0.35,0.36,1000,1,"cross","ANTs"
"120","sigma[58]",0.34,0,0.01,0.33,0.33,0.34,0.34,0.35,1000,1,"cross","ANTs"
"121","sigma[59]",0.31,0,0,0.3,0.3,0.31,0.31,0.32,1000,1,"cross","ANTs"
"122","sigma[60]",0.35,0,0.01,0.34,0.34,0.35,0.35,0.36,643,1,"cross","ANTs"
"123","sigma[61]",0.42,0,0.01,0.41,0.41,0.42,0.42,0.43,1000,1,"cross","ANTs"
"124","sigma[62]",0.27,0,0,0.26,0.27,0.27,0.27,0.28,1000,1,"cross","ANTs"
"125","tau_0[1]",0.98,0,0.03,0.92,0.96,0.97,1,1.03,1000,1,"cross","ANTs"
"126","tau_0[2]",0.92,0,0.03,0.87,0.9,0.92,0.94,0.97,1000,1,"cross","ANTs"
"127","tau_0[3]",0.96,0,0.03,0.91,0.94,0.95,0.97,1.01,1000,1,"cross","ANTs"
"128","tau_0[4]",0.96,0,0.03,0.91,0.94,0.96,0.98,1.02,1000,1,"cross","ANTs"
"129","tau_0[5]",0.97,0,0.03,0.92,0.95,0.97,0.99,1.02,1000,1,"cross","ANTs"
"130","tau_0[6]",0.96,0,0.03,0.9,0.94,0.96,0.97,1.01,1000,1,"cross","ANTs"
"131","tau_0[7]",0.95,0,0.03,0.9,0.93,0.95,0.97,1.01,1000,1,"cross","ANTs"
"132","tau_0[8]",0.97,0,0.03,0.92,0.95,0.97,0.99,1.02,1000,1,"cross","ANTs"
"133","tau_0[9]",0.95,0,0.02,0.91,0.94,0.95,0.97,1,1000,1,"cross","ANTs"
"134","tau_0[10]",0.97,0,0.03,0.92,0.95,0.97,0.99,1.02,1000,1,"cross","ANTs"
"135","tau_0[11]",0.96,0,0.03,0.91,0.94,0.96,0.98,1.01,1000,1,"cross","ANTs"
"136","tau_0[12]",0.96,0,0.03,0.9,0.94,0.96,0.98,1.02,1000,1,"cross","ANTs"
"137","tau_0[13]",0.96,0,0.03,0.91,0.94,0.96,0.98,1.02,1000,1,"cross","ANTs"
"138","tau_0[14]",0.98,0,0.03,0.93,0.96,0.98,0.99,1.03,1000,1,"cross","ANTs"
"139","tau_0[15]",0.95,0,0.03,0.9,0.93,0.95,0.97,1.01,1000,1,"cross","ANTs"
"140","tau_0[16]",0.95,0,0.03,0.9,0.93,0.95,0.97,1,1000,1,"cross","ANTs"
"141","tau_0[17]",0.95,0,0.03,0.9,0.93,0.95,0.97,1.01,1000,1,"cross","ANTs"
"142","tau_0[18]",0.95,0,0.03,0.9,0.93,0.95,0.97,1.01,1000,1,"cross","ANTs"
"143","tau_0[19]",0.93,0,0.03,0.87,0.91,0.93,0.95,0.99,1000,1,"cross","ANTs"
"144","tau_0[20]",0.94,0,0.02,0.89,0.92,0.94,0.95,0.98,1000,1,"cross","ANTs"
"145","tau_0[21]",0.98,0,0.03,0.92,0.96,0.98,1,1.04,1000,1,"cross","ANTs"
"146","tau_0[22]",0.93,0,0.03,0.88,0.92,0.93,0.95,0.99,1000,1,"cross","ANTs"
"147","tau_0[23]",0.97,0,0.03,0.93,0.96,0.97,0.99,1.03,1000,1,"cross","ANTs"
"148","tau_0[24]",0.96,0,0.03,0.91,0.94,0.96,0.98,1.02,1000,1,"cross","ANTs"
"149","tau_0[25]",0.94,0,0.03,0.89,0.93,0.94,0.96,1,1000,1,"cross","ANTs"
"150","tau_0[26]",0.93,0,0.03,0.88,0.91,0.93,0.95,0.99,1000,1,"cross","ANTs"
"151","tau_0[27]",0.95,0,0.03,0.9,0.93,0.95,0.97,1,1000,1,"cross","ANTs"
"152","tau_0[28]",0.96,0,0.03,0.91,0.95,0.96,0.98,1.02,1000,1,"cross","ANTs"
"153","tau_0[29]",0.95,0,0.03,0.9,0.93,0.95,0.97,1,1000,1,"cross","ANTs"
"154","tau_0[30]",0.92,0,0.03,0.86,0.9,0.92,0.94,0.97,1000,1,"cross","ANTs"
"155","tau_0[31]",0.98,0,0.03,0.93,0.96,0.98,1,1.03,1000,1,"cross","ANTs"
"156","tau_0[32]",0.98,0,0.03,0.94,0.97,0.98,1,1.04,1000,1,"cross","ANTs"
"157","tau_0[33]",0.92,0,0.03,0.87,0.9,0.92,0.94,0.97,1000,1,"cross","ANTs"
"158","tau_0[34]",0.94,0,0.03,0.89,0.92,0.94,0.96,1,1000,1,"cross","ANTs"
"159","tau_0[35]",0.96,0,0.03,0.91,0.94,0.96,0.98,1.02,1000,1,"cross","ANTs"
"160","tau_0[36]",0.96,0,0.03,0.91,0.94,0.96,0.98,1.01,1000,1,"cross","ANTs"
"161","tau_0[37]",0.95,0,0.03,0.9,0.93,0.95,0.97,1.01,1000,1,"cross","ANTs"
"162","tau_0[38]",0.94,0,0.03,0.89,0.93,0.94,0.96,0.99,1000,1,"cross","ANTs"
"163","tau_0[39]",0.97,0,0.03,0.92,0.95,0.97,0.99,1.02,1000,1,"cross","ANTs"
"164","tau_0[40]",0.94,0,0.02,0.89,0.92,0.94,0.95,0.99,1000,1,"cross","ANTs"
"165","tau_0[41]",0.97,0,0.03,0.91,0.95,0.96,0.98,1.02,1000,1,"cross","ANTs"
"166","tau_0[42]",0.93,0,0.03,0.88,0.91,0.93,0.95,0.99,1000,1,"cross","ANTs"
"167","tau_0[43]",0.96,0,0.03,0.92,0.95,0.96,0.98,1.02,1000,1,"cross","ANTs"
"168","tau_0[44]",0.96,0,0.03,0.91,0.94,0.95,0.97,1.01,1000,1,"cross","ANTs"
"169","tau_0[45]",0.98,0,0.03,0.93,0.96,0.97,0.99,1.03,1000,1,"cross","ANTs"
"170","tau_0[46]",0.94,0,0.03,0.89,0.93,0.94,0.96,1,1000,1,"cross","ANTs"
"171","tau_0[47]",0.95,0,0.03,0.9,0.93,0.95,0.97,1.01,1000,1,"cross","ANTs"
"172","tau_0[48]",0.95,0,0.03,0.9,0.93,0.95,0.97,1,1000,1,"cross","ANTs"
"173","tau_0[49]",0.96,0,0.03,0.91,0.94,0.95,0.97,1.01,1000,1,"cross","ANTs"
"174","tau_0[50]",0.93,0,0.03,0.88,0.91,0.93,0.95,0.98,1000,1.01,"cross","ANTs"
"175","tau_0[51]",0.93,0,0.03,0.88,0.92,0.93,0.95,0.99,1000,1,"cross","ANTs"
"176","tau_0[52]",0.99,0,0.03,0.93,0.97,0.98,1,1.05,1000,1,"cross","ANTs"
"177","tau_0[53]",0.93,0,0.03,0.88,0.92,0.93,0.95,0.99,1000,1,"cross","ANTs"
"178","tau_0[54]",0.97,0,0.03,0.92,0.95,0.97,0.99,1.02,1000,1,"cross","ANTs"
"179","tau_0[55]",0.97,0,0.03,0.92,0.95,0.97,0.99,1.02,1000,1,"cross","ANTs"
"180","tau_0[56]",0.95,0,0.03,0.91,0.94,0.95,0.97,1,1000,1,"cross","ANTs"
"181","tau_0[57]",0.95,0,0.03,0.9,0.93,0.95,0.97,1,1000,1,"cross","ANTs"
"182","tau_0[58]",0.95,0,0.03,0.9,0.93,0.95,0.97,1,1000,1,"cross","ANTs"
"183","tau_0[59]",0.97,0,0.03,0.91,0.95,0.97,0.98,1.02,1000,1,"cross","ANTs"
"184","tau_0[60]",0.94,0,0.03,0.89,0.92,0.94,0.96,1,1000,1,"cross","ANTs"
"185","tau_0[61]",0.92,0,0.03,0.87,0.9,0.92,0.93,0.96,1000,1,"cross","ANTs"
"186","tau_0[62]",0.99,0,0.03,0.94,0.97,0.99,1.01,1.04,1000,1,"cross","ANTs"
"187","var_ratio[1]",4.67,0,0.16,4.36,4.56,4.67,4.78,4.99,1000,1,"long1","ANTs"
"188","var_ratio[2]",3.49,0,0.12,3.27,3.4,3.49,3.57,3.73,1000,1,"long1","ANTs"
"189","var_ratio[3]",3.63,0,0.12,3.42,3.56,3.63,3.71,3.87,1000,1,"long1","ANTs"
"190","var_ratio[4]",2.84,0,0.09,2.67,2.78,2.84,2.9,3.02,1000,1,"long1","ANTs"
"191","var_ratio[5]",3.71,0,0.12,3.49,3.62,3.71,3.79,3.95,1000,1,"long1","ANTs"
"192","var_ratio[6]",4.43,0,0.15,4.14,4.33,4.42,4.53,4.73,1000,1,"long1","ANTs"
"193","var_ratio[7]",3.07,0,0.1,2.87,3,3.07,3.14,3.28,1000,1,"long1","ANTs"
"194","var_ratio[8]",4.43,0,0.14,4.17,4.33,4.43,4.53,4.72,1000,1,"long1","ANTs"
"195","var_ratio[9]",4.23,0,0.14,3.96,4.14,4.23,4.33,4.51,1000,1,"long1","ANTs"
"196","var_ratio[10]",3.69,0,0.12,3.46,3.61,3.69,3.77,3.92,1000,1,"long1","ANTs"
"197","var_ratio[11]",4.42,0,0.14,4.16,4.32,4.41,4.52,4.7,1000,1,"long1","ANTs"
"198","var_ratio[12]",3.29,0,0.12,3.07,3.21,3.29,3.37,3.52,1000,1,"long1","ANTs"
"199","var_ratio[13]",4.07,0,0.14,3.8,3.98,4.07,4.17,4.35,1000,1,"long1","ANTs"
"200","var_ratio[14]",4.15,0,0.13,3.9,4.06,4.15,4.25,4.43,1000,1,"long1","ANTs"
"201","var_ratio[15]",3.47,0,0.11,3.24,3.39,3.47,3.55,3.69,1000,1,"long1","ANTs"
"202","var_ratio[16]",4.28,0,0.14,4.02,4.18,4.27,4.38,4.56,1000,1,"long1","ANTs"
"203","var_ratio[17]",3.28,0,0.11,3.09,3.21,3.28,3.35,3.49,1000,1,"long1","ANTs"
"204","var_ratio[18]",2.95,0,0.09,2.77,2.89,2.96,3.02,3.14,1000,1,"long1","ANTs"
"205","var_ratio[19]",3.01,0,0.1,2.84,2.95,3.01,3.08,3.23,1000,1,"long1","ANTs"
"206","var_ratio[20]",3.37,0,0.11,3.16,3.29,3.36,3.44,3.6,1000,1,"long1","ANTs"
"207","var_ratio[21]",5,0.01,0.16,4.7,4.9,5,5.11,5.34,1000,1,"long1","ANTs"
"208","var_ratio[22]",3.47,0,0.12,3.25,3.39,3.46,3.54,3.7,1000,1,"long1","ANTs"
"209","var_ratio[23]",5.44,0.01,0.17,5.11,5.33,5.44,5.55,5.79,1000,1,"long1","ANTs"
"210","var_ratio[24]",3.26,0,0.11,3.06,3.18,3.25,3.33,3.48,1000,1,"long1","ANTs"
"211","var_ratio[25]",3.67,0,0.12,3.44,3.6,3.67,3.75,3.92,1000,1,"long1","ANTs"
"212","var_ratio[26]",3.58,0,0.12,3.36,3.5,3.57,3.65,3.83,1000,1,"long1","ANTs"
"213","var_ratio[27]",4.06,0,0.14,3.8,3.97,4.06,4.16,4.33,1000,1,"long1","ANTs"
"214","var_ratio[28]",4.69,0,0.15,4.4,4.57,4.7,4.79,4.98,1000,1,"long1","ANTs"
"215","var_ratio[29]",4.57,0,0.14,4.3,4.48,4.57,4.67,4.88,1000,1,"long1","ANTs"
"216","var_ratio[30]",2.8,0,0.1,2.62,2.73,2.79,2.87,3,1000,1,"long1","ANTs"
"217","var_ratio[31]",3.78,0,0.13,3.54,3.7,3.79,3.87,4.05,1000,1,"long1","ANTs"
"218","var_ratio[32]",4.38,0,0.14,4.12,4.29,4.38,4.48,4.68,1000,1,"long1","ANTs"
"219","var_ratio[33]",3.55,0,0.12,3.33,3.47,3.55,3.63,3.79,1000,1,"long1","ANTs"
"220","var_ratio[34]",2.99,0,0.1,2.79,2.91,2.99,3.05,3.2,1000,1,"long1","ANTs"
"221","var_ratio[35]",2.98,0,0.1,2.79,2.91,2.97,3.05,3.18,1000,1,"long1","ANTs"
"222","var_ratio[36]",3.77,0,0.13,3.52,3.68,3.76,3.85,4.02,1000,1,"long1","ANTs"
"223","var_ratio[37]",4.32,0,0.13,4.06,4.24,4.32,4.4,4.58,1000,1,"long1","ANTs"
"224","var_ratio[38]",3.01,0,0.09,2.82,2.95,3.01,3.07,3.19,1000,1,"long1","ANTs"
"225","var_ratio[39]",3.92,0,0.12,3.71,3.83,3.92,4,4.17,1000,1,"long1","ANTs"
"226","var_ratio[40]",3.88,0,0.13,3.63,3.8,3.88,3.97,4.13,1000,1,"long1","ANTs"
"227","var_ratio[41]",3.7,0,0.12,3.45,3.62,3.7,3.79,3.93,1000,1,"long1","ANTs"
"228","var_ratio[42]",3.67,0,0.12,3.45,3.59,3.66,3.74,3.91,1000,1,"long1","ANTs"
"229","var_ratio[43]",3.58,0,0.11,3.37,3.5,3.58,3.66,3.81,1000,1,"long1","ANTs"
"230","var_ratio[44]",4.11,0,0.13,3.86,4.02,4.11,4.2,4.37,1000,1,"long1","ANTs"
"231","var_ratio[45]",4.28,0,0.14,4.01,4.18,4.28,4.37,4.57,1000,1,"long1","ANTs"
"232","var_ratio[46]",3.06,0,0.1,2.88,2.99,3.06,3.13,3.28,1000,1,"long1","ANTs"
"233","var_ratio[47]",3.89,0,0.12,3.65,3.81,3.89,3.97,4.13,1000,1,"long1","ANTs"
"234","var_ratio[48]",3.64,0,0.13,3.4,3.54,3.64,3.72,3.89,1000,1,"long1","ANTs"
"235","var_ratio[49]",3.41,0,0.12,3.19,3.33,3.41,3.49,3.63,1000,1,"long1","ANTs"
"236","var_ratio[50]",2.49,0,0.08,2.33,2.43,2.48,2.54,2.65,1000,1,"long1","ANTs"
"237","var_ratio[51]",3.11,0,0.1,2.92,3.04,3.1,3.17,3.3,1000,1,"long1","ANTs"
"238","var_ratio[52]",4.13,0,0.13,3.88,4.04,4.12,4.21,4.4,1000,1,"long1","ANTs"
"239","var_ratio[53]",3.08,0,0.1,2.87,3.01,3.07,3.14,3.28,1000,1,"long1","ANTs"
"240","var_ratio[54]",4.42,0,0.14,4.16,4.32,4.41,4.51,4.71,1000,1,"long1","ANTs"
"241","var_ratio[55]",3.46,0,0.12,3.25,3.38,3.46,3.54,3.7,1000,1,"long1","ANTs"
"242","var_ratio[56]",4.02,0,0.12,3.79,3.94,4.02,4.1,4.29,1000,1,"long1","ANTs"
"243","var_ratio[57]",3.8,0,0.12,3.58,3.72,3.8,3.88,4.06,1000,1,"long1","ANTs"
"244","var_ratio[58]",3.5,0,0.12,3.28,3.41,3.5,3.58,3.73,1000,1,"long1","ANTs"
"245","var_ratio[59]",4.38,0,0.14,4.11,4.29,4.38,4.48,4.66,1000,1,"long1","ANTs"
"246","var_ratio[60]",3.97,0,0.13,3.72,3.88,3.97,4.07,4.23,1000,1,"long1","ANTs"
"247","var_ratio[61]",2.22,0,0.08,2.08,2.17,2.22,2.27,2.37,1000,1,"long1","ANTs"
"248","var_ratio[62]",4.07,0,0.13,3.82,3.97,4.06,4.16,4.34,1000,1,"long1","ANTs"
"249","sigma[1]",0.21,0,0,0.21,0.21,0.21,0.21,0.22,1000,1,"long1","ANTs"
"250","sigma[2]",0.28,0,0,0.27,0.28,0.28,0.28,0.29,1000,1,"long1","ANTs"
"251","sigma[3]",0.27,0,0,0.26,0.27,0.27,0.27,0.28,1000,1,"long1","ANTs"
"252","sigma[4]",0.33,0,0.01,0.32,0.33,0.33,0.33,0.34,1000,1,"long1","ANTs"
"253","sigma[5]",0.26,0,0,0.26,0.26,0.26,0.27,0.27,1000,1,"long1","ANTs"
"254","sigma[6]",0.22,0,0,0.22,0.22,0.22,0.23,0.23,1000,1,"long1","ANTs"
"255","sigma[7]",0.31,0,0.01,0.3,0.31,0.31,0.32,0.32,1000,1,"long1","ANTs"
"256","sigma[8]",0.22,0,0,0.22,0.22,0.22,0.23,0.23,1000,1,"long1","ANTs"
"257","sigma[9]",0.23,0,0,0.23,0.23,0.23,0.24,0.24,1000,1,"long1","ANTs"
"258","sigma[10]",0.26,0,0,0.26,0.26,0.26,0.27,0.27,1000,1,"long1","ANTs"
"259","sigma[11]",0.23,0,0,0.22,0.22,0.23,0.23,0.24,1000,1,"long1","ANTs"
"260","sigma[12]",0.29,0,0.01,0.28,0.29,0.29,0.3,0.3,1000,1,"long1","ANTs"
"261","sigma[13]",0.24,0,0,0.24,0.24,0.24,0.25,0.25,1000,1,"long1","ANTs"
"262","sigma[14]",0.24,0,0,0.23,0.24,0.24,0.24,0.25,1000,1,"long1","ANTs"
"263","sigma[15]",0.28,0,0,0.27,0.27,0.28,0.28,0.29,1000,1,"long1","ANTs"
"264","sigma[16]",0.23,0,0,0.22,0.23,0.23,0.23,0.24,1000,1,"long1","ANTs"
"265","sigma[17]",0.3,0,0,0.29,0.29,0.3,0.3,0.31,1000,1,"long1","ANTs"
"266","sigma[18]",0.32,0,0.01,0.31,0.32,0.32,0.32,0.33,1000,1,"long1","ANTs"
"267","sigma[19]",0.32,0,0.01,0.31,0.32,0.32,0.32,0.33,1000,1,"long1","ANTs"
"268","sigma[20]",0.29,0,0,0.28,0.29,0.29,0.29,0.3,1000,1.01,"long1","ANTs"
"269","sigma[21]",0.2,0,0,0.19,0.2,0.2,0.2,0.21,1000,1,"long1","ANTs"
"270","sigma[22]",0.29,0,0,0.28,0.28,0.29,0.29,0.3,1000,1,"long1","ANTs"
"271","sigma[23]",0.18,0,0,0.18,0.18,0.18,0.19,0.19,1000,1,"long1","ANTs"
"272","sigma[24]",0.3,0,0,0.29,0.29,0.29,0.3,0.31,1000,1,"long1","ANTs"
"273","sigma[25]",0.27,0,0,0.26,0.26,0.27,0.27,0.28,1000,1,"long1","ANTs"
"274","sigma[26]",0.27,0,0,0.26,0.27,0.27,0.28,0.28,1000,1,"long1","ANTs"
"275","sigma[27]",0.24,0,0,0.24,0.24,0.24,0.25,0.25,1000,1,"long1","ANTs"
"276","sigma[28]",0.21,0,0,0.2,0.21,0.21,0.21,0.22,1000,1,"long1","ANTs"
"277","sigma[29]",0.22,0,0,0.21,0.22,0.22,0.22,0.23,1000,1,"long1","ANTs"
"278","sigma[30]",0.34,0,0.01,0.33,0.33,0.34,0.34,0.35,1000,1,"long1","ANTs"
"279","sigma[31]",0.26,0,0,0.25,0.26,0.26,0.26,0.27,1000,1,"long1","ANTs"
"280","sigma[32]",0.23,0,0,0.22,0.22,0.23,0.23,0.23,1000,1,"long1","ANTs"
"281","sigma[33]",0.27,0,0,0.27,0.27,0.27,0.28,0.28,1000,1,"long1","ANTs"
"282","sigma[34]",0.32,0,0.01,0.31,0.32,0.32,0.33,0.33,1000,1,"long1","ANTs"
"283","sigma[35]",0.32,0,0.01,0.31,0.32,0.32,0.32,0.33,1000,1,"long1","ANTs"
"284","sigma[36]",0.26,0,0,0.25,0.26,0.26,0.26,0.27,1000,1,"long1","ANTs"
"285","sigma[37]",0.23,0,0,0.22,0.23,0.23,0.23,0.24,1000,1,"long1","ANTs"
"286","sigma[38]",0.31,0,0.01,0.31,0.31,0.31,0.32,0.32,1000,1,"long1","ANTs"
"287","sigma[39]",0.25,0,0,0.24,0.25,0.25,0.25,0.26,1000,1,"long1","ANTs"
"288","sigma[40]",0.25,0,0,0.24,0.25,0.25,0.25,0.26,1000,1,"long1","ANTs"
"289","sigma[41]",0.27,0,0,0.26,0.26,0.27,0.27,0.28,1000,1,"long1","ANTs"
"290","sigma[42]",0.27,0,0,0.26,0.26,0.27,0.27,0.27,1000,1,"long1","ANTs"
"291","sigma[43]",0.28,0,0,0.27,0.27,0.27,0.28,0.28,1000,1,"long1","ANTs"
"292","sigma[44]",0.24,0,0,0.23,0.24,0.24,0.24,0.25,1000,1,"long1","ANTs"
"293","sigma[45]",0.23,0,0,0.22,0.23,0.23,0.23,0.24,1000,1,"long1","ANTs"
"294","sigma[46]",0.31,0,0.01,0.3,0.31,0.31,0.32,0.32,1000,1,"long1","ANTs"
"295","sigma[47]",0.25,0,0,0.25,0.25,0.25,0.26,0.26,1000,1,"long1","ANTs"
"296","sigma[48]",0.27,0,0,0.26,0.27,0.27,0.27,0.28,1000,1,"long1","ANTs"
"297","sigma[49]",0.28,0,0,0.28,0.28,0.28,0.29,0.29,1000,1,"long1","ANTs"
"298","sigma[50]",0.37,0,0.01,0.36,0.37,0.37,0.38,0.39,1000,1,"long1","ANTs"
"299","sigma[51]",0.32,0,0.01,0.31,0.31,0.32,0.32,0.33,1000,1,"long1","ANTs"
"300","sigma[52]",0.24,0,0,0.23,0.24,0.24,0.24,0.25,1000,1,"long1","ANTs"
"301","sigma[53]",0.31,0,0,0.3,0.31,0.31,0.32,0.32,1000,1,"long1","ANTs"
"302","sigma[54]",0.22,0,0,0.22,0.22,0.22,0.23,0.23,1000,1,"long1","ANTs"
"303","sigma[55]",0.28,0,0,0.27,0.28,0.28,0.29,0.29,1000,1,"long1","ANTs"
"304","sigma[56]",0.25,0,0,0.24,0.25,0.25,0.25,0.26,1000,1,"long1","ANTs"
"305","sigma[57]",0.26,0,0,0.25,0.26,0.26,0.26,0.27,1000,1,"long1","ANTs"
"306","sigma[58]",0.28,0,0,0.28,0.28,0.28,0.29,0.29,1000,1,"long1","ANTs"
"307","sigma[59]",0.23,0,0,0.22,0.22,0.23,0.23,0.23,1000,1,"long1","ANTs"
"308","sigma[60]",0.25,0,0,0.24,0.25,0.25,0.25,0.26,1000,1,"long1","ANTs"
"309","sigma[61]",0.41,0,0.01,0.4,0.41,0.41,0.42,0.42,1000,1,"long1","ANTs"
"310","sigma[62]",0.25,0,0,0.24,0.24,0.24,0.25,0.25,1000,1,"long1","ANTs"
"311","tau_0[1]",0.99,0,0.03,0.94,0.97,0.99,1.01,1.04,1000,1,"long1","ANTs"
"312","tau_0[2]",0.98,0,0.03,0.93,0.96,0.98,1,1.04,1000,1,"long1","ANTs"
"313","tau_0[3]",0.98,0,0.03,0.94,0.97,0.98,1,1.04,1000,1,"long1","ANTs"
"314","tau_0[4]",0.94,0,0.03,0.89,0.92,0.94,0.96,0.99,1000,1,"long1","ANTs"
"315","tau_0[5]",0.98,0,0.03,0.93,0.96,0.98,1,1.03,1000,1,"long1","ANTs"
"316","tau_0[6]",0.99,0,0.03,0.94,0.97,0.99,1.01,1.05,1000,1,"long1","ANTs"
"317","tau_0[7]",0.96,0,0.03,0.91,0.94,0.96,0.98,1.01,1000,1,"long1","ANTs"
"318","tau_0[8]",1,0,0.03,0.94,0.98,1,1.01,1.05,1000,1,"long1","ANTs"
"319","tau_0[9]",0.98,0,0.03,0.93,0.96,0.98,1,1.04,1000,1,"long1","ANTs"
"320","tau_0[10]",0.97,0,0.03,0.92,0.95,0.97,0.99,1.03,1000,1,"long1","ANTs"
"321","tau_0[11]",1,0,0.03,0.95,0.98,1,1.02,1.06,1000,1,"long1","ANTs"
"322","tau_0[12]",0.96,0,0.03,0.91,0.95,0.96,0.98,1.02,1000,1,"long1","ANTs"
"323","tau_0[13]",0.99,0,0.03,0.93,0.97,0.99,1.01,1.05,1000,1,"long1","ANTs"
"324","tau_0[14]",0.99,0,0.03,0.94,0.97,0.99,1.01,1.05,1000,1,"long1","ANTs"
"325","tau_0[15]",0.96,0,0.03,0.91,0.94,0.96,0.98,1.01,1000,1,"long1","ANTs"
"326","tau_0[16]",0.98,0,0.03,0.93,0.96,0.98,1,1.03,1000,1,"long1","ANTs"
"327","tau_0[17]",0.97,0,0.03,0.92,0.96,0.97,0.99,1.03,1000,1,"long1","ANTs"
"328","tau_0[18]",0.95,0,0.03,0.9,0.93,0.95,0.97,1,1000,1,"long1","ANTs"
"329","tau_0[19]",0.96,0,0.03,0.91,0.94,0.96,0.98,1.02,1000,1,"long1","ANTs"
"330","tau_0[20]",0.97,0,0.03,0.92,0.95,0.97,0.99,1.03,1000,1,"long1","ANTs"
"331","tau_0[21]",1,0,0.03,0.95,0.98,1,1.02,1.06,1000,1,"long1","ANTs"
"332","tau_0[22]",0.99,0,0.03,0.94,0.97,0.99,1.01,1.05,1000,1,"long1","ANTs"
"333","tau_0[23]",1,0,0.03,0.94,0.98,1,1.01,1.05,1000,1,"long1","ANTs"
"334","tau_0[24]",0.96,0,0.03,0.91,0.94,0.96,0.98,1.01,1000,1,"long1","ANTs"
"335","tau_0[25]",0.98,0,0.03,0.93,0.96,0.98,1,1.04,1000,1,"long1","ANTs"
"336","tau_0[26]",0.97,0,0.03,0.92,0.95,0.97,0.99,1.02,1000,1,"long1","ANTs"
"337","tau_0[27]",0.99,0,0.03,0.93,0.97,0.99,1.01,1.05,1000,1,"long1","ANTs"
"338","tau_0[28]",0.99,0,0.03,0.93,0.97,0.99,1.01,1.05,1000,1,"long1","ANTs"
"339","tau_0[29]",1,0,0.03,0.94,0.98,1,1.01,1.05,1000,1,"long1","ANTs"
"340","tau_0[30]",0.94,0,0.03,0.89,0.92,0.94,0.96,1,1000,1,"long1","ANTs"
"341","tau_0[31]",0.98,0,0.03,0.93,0.96,0.98,1,1.04,1000,1,"long1","ANTs"
"342","tau_0[32]",0.99,0,0.03,0.94,0.97,0.99,1.01,1.05,1000,1,"long1","ANTs"
"343","tau_0[33]",0.97,0,0.03,0.92,0.95,0.97,0.99,1.03,1000,1,"long1","ANTs"
"344","tau_0[34]",0.96,0,0.03,0.91,0.94,0.96,0.98,1.02,1000,1,"long1","ANTs"
"345","tau_0[35]",0.95,0,0.03,0.9,0.94,0.95,0.97,1.01,1000,1,"long1","ANTs"
"346","tau_0[36]",0.98,0,0.03,0.92,0.96,0.98,1,1.03,1000,1,"long1","ANTs"
"347","tau_0[37]",1,0,0.03,0.95,0.98,1,1.01,1.05,1000,1,"long1","ANTs"
"348","tau_0[38]",0.95,0,0.03,0.9,0.93,0.95,0.96,1,1000,1,"long1","ANTs"
"349","tau_0[39]",0.97,0,0.03,0.93,0.96,0.97,0.99,1.03,1000,1,"long1","ANTs"
"350","tau_0[40]",0.97,0,0.03,0.92,0.96,0.97,0.99,1.03,1000,1,"long1","ANTs"
"351","tau_0[41]",0.99,0,0.03,0.93,0.97,0.98,1,1.04,1000,1,"long1","ANTs"
"352","tau_0[42]",0.97,0,0.03,0.93,0.95,0.97,0.99,1.03,1000,1,"long1","ANTs"
"353","tau_0[43]",0.98,0,0.03,0.93,0.97,0.98,1,1.04,1000,1,"long1","ANTs"
"354","tau_0[44]",0.99,0,0.03,0.94,0.97,0.98,1,1.04,1000,1,"long1","ANTs"
"355","tau_0[45]",0.98,0,0.03,0.93,0.96,0.98,1,1.04,1000,1,"long1","ANTs"
"356","tau_0[46]",0.96,0,0.03,0.91,0.94,0.96,0.98,1.02,1000,1,"long1","ANTs"
"357","tau_0[47]",0.98,0,0.03,0.93,0.97,0.98,1,1.04,1000,1,"long1","ANTs"
"358","tau_0[48]",0.99,0,0.03,0.93,0.97,0.99,1.01,1.04,1000,1,"long1","ANTs"
"359","tau_0[49]",0.97,0,0.03,0.92,0.95,0.97,0.99,1.02,1000,1,"long1","ANTs"
"360","tau_0[50]",0.93,0,0.03,0.88,0.91,0.93,0.95,0.98,1000,1,"long1","ANTs"
"361","tau_0[51]",0.98,0,0.03,0.94,0.97,0.98,1,1.04,1000,1,"long1","ANTs"
"362","tau_0[52]",0.99,0,0.03,0.94,0.97,0.99,1,1.04,1000,1,"long1","ANTs"
"363","tau_0[53]",0.97,0,0.03,0.91,0.95,0.97,0.99,1.02,1000,1,"long1","ANTs"
"364","tau_0[54]",0.99,0,0.03,0.94,0.97,0.99,1.01,1.05,1000,1,"long1","ANTs"
"365","tau_0[55]",0.98,0,0.03,0.93,0.96,0.98,1,1.04,1000,1,"long1","ANTs"
"366","tau_0[56]",1,0,0.03,0.95,0.99,1,1.02,1.06,1000,1,"long1","ANTs"
"367","tau_0[57]",0.99,0,0.03,0.94,0.97,0.99,1.01,1.04,1000,1,"long1","ANTs"
"368","tau_0[58]",0.99,0,0.03,0.94,0.97,0.99,1.01,1.05,1000,1,"long1","ANTs"
"369","tau_0[59]",1,0,0.03,0.94,0.98,1,1.02,1.05,1000,1,"long1","ANTs"
"370","tau_0[60]",1,0,0.03,0.94,0.98,1,1.02,1.05,1000,1,"long1","ANTs"
"371","tau_0[61]",0.91,0,0.03,0.86,0.89,0.91,0.93,0.97,1000,1,"long1","ANTs"
"372","tau_0[62]",1,0,0.03,0.94,0.98,1,1.01,1.05,1000,1,"long1","ANTs"
"373","var_ratio[1]",4.88,0.01,0.17,4.57,4.77,4.88,4.98,5.22,1000,1,"long2","ANTs"
"374","var_ratio[2]",3.61,0,0.12,3.38,3.52,3.6,3.69,3.85,1000,1,"long2","ANTs"
"375","var_ratio[3]",4.29,0,0.14,4.03,4.2,4.29,4.38,4.58,1000,1,"long2","ANTs"
"376","var_ratio[4]",4.3,0,0.14,4.04,4.21,4.3,4.39,4.59,1000,1,"long2","ANTs"
"377","var_ratio[5]",4.39,0,0.14,4.13,4.3,4.38,4.48,4.68,1000,1,"long2","ANTs"
"378","var_ratio[6]",4.43,0,0.14,4.15,4.34,4.43,4.52,4.7,1000,1,"long2","ANTs"
"379","var_ratio[7]",4,0,0.14,3.75,3.9,4,4.09,4.26,1000,1,"long2","ANTs"
"380","var_ratio[8]",4.62,0,0.14,4.34,4.53,4.62,4.71,4.91,1000,1,"long2","ANTs"
"381","var_ratio[9]",4.1,0,0.13,3.83,4,4.1,4.18,4.35,1000,1,"long2","ANTs"
"382","var_ratio[10]",4.09,0,0.14,3.81,4,4.08,4.17,4.36,1000,1,"long2","ANTs"
"383","var_ratio[11]",4.2,0,0.14,3.95,4.11,4.2,4.29,4.49,1000,1,"long2","ANTs"
"384","var_ratio[12]",3.96,0,0.13,3.72,3.87,3.95,4.05,4.22,1000,1,"long2","ANTs"
"385","var_ratio[13]",4.35,0,0.15,4.07,4.25,4.34,4.44,4.64,1000,1,"long2","ANTs"
"386","var_ratio[14]",4.79,0.01,0.16,4.49,4.68,4.79,4.9,5.13,1000,1,"long2","ANTs"
"387","var_ratio[15]",5.4,0.01,0.17,5.07,5.29,5.4,5.52,5.73,1000,1,"long2","ANTs"
"388","var_ratio[16]",4.05,0,0.13,3.81,3.97,4.06,4.14,4.31,1000,1,"long2","ANTs"
"389","var_ratio[17]",3.4,0,0.11,3.19,3.33,3.4,3.48,3.63,1000,1,"long2","ANTs"
"390","var_ratio[18]",3.65,0,0.12,3.41,3.58,3.65,3.73,3.89,1000,1,"long2","ANTs"
"391","var_ratio[19]",3.68,0,0.13,3.44,3.59,3.67,3.76,3.94,1000,1,"long2","ANTs"
"392","var_ratio[20]",4.03,0,0.13,3.79,3.95,4.03,4.12,4.28,1000,1,"long2","ANTs"
"393","var_ratio[21]",5.21,0.01,0.17,4.88,5.1,5.2,5.32,5.58,1000,1,"long2","ANTs"
"394","var_ratio[22]",3.76,0,0.12,3.53,3.68,3.77,3.85,4.02,1000,1,"long2","ANTs"
"395","var_ratio[23]",5.98,0.01,0.2,5.6,5.85,5.98,6.12,6.38,1000,1,"long2","ANTs"
"396","var_ratio[24]",4.71,0.01,0.16,4.39,4.61,4.71,4.81,5.04,1000,1,"long2","ANTs"
"397","var_ratio[25]",3.61,0,0.11,3.39,3.53,3.61,3.68,3.83,1000,1,"long2","ANTs"
"398","var_ratio[26]",3.24,0,0.1,3.06,3.17,3.23,3.31,3.44,1000,1,"long2","ANTs"
"399","var_ratio[27]",4.79,0,0.15,4.51,4.68,4.78,4.89,5.1,1000,1,"long2","ANTs"
"400","var_ratio[28]",4.26,0,0.14,4,4.16,4.26,4.35,4.54,1000,1,"long2","ANTs"
"401","var_ratio[29]",4.01,0,0.13,3.77,3.93,4.01,4.1,4.27,1000,1,"long2","ANTs"
"402","var_ratio[30]",3.34,0,0.1,3.13,3.27,3.33,3.4,3.54,1000,1,"long2","ANTs"
"403","var_ratio[31]",4.64,0.01,0.16,4.34,4.52,4.64,4.74,4.98,1000,1,"long2","ANTs"
"404","var_ratio[32]",5.11,0.01,0.17,4.79,4.99,5.1,5.23,5.46,1000,1,"long2","ANTs"
"405","var_ratio[33]",3.73,0,0.12,3.49,3.65,3.72,3.8,3.97,1000,1,"long2","ANTs"
"406","var_ratio[34]",3.76,0,0.13,3.53,3.67,3.76,3.85,4.02,1000,1,"long2","ANTs"
"407","var_ratio[35]",4.49,0,0.15,4.22,4.39,4.49,4.58,4.77,1000,1,"long2","ANTs"
"408","var_ratio[36]",3.97,0,0.13,3.72,3.88,3.96,4.06,4.22,1000,1,"long2","ANTs"
"409","var_ratio[37]",4.26,0,0.13,4,4.18,4.26,4.34,4.51,1000,1,"long2","ANTs"
"410","var_ratio[38]",3.86,0,0.13,3.61,3.77,3.86,3.96,4.12,1000,1,"long2","ANTs"
"411","var_ratio[39]",4.57,0,0.15,4.28,4.47,4.56,4.67,4.88,1000,1,"long2","ANTs"
"412","var_ratio[40]",3.59,0,0.12,3.37,3.51,3.59,3.67,3.82,1000,1,"long2","ANTs"
"413","var_ratio[41]",3.85,0,0.13,3.61,3.76,3.84,3.93,4.1,1000,1,"long2","ANTs"
"414","var_ratio[42]",3.5,0,0.12,3.28,3.42,3.5,3.58,3.74,1000,1,"long2","ANTs"
"415","var_ratio[43]",4.03,0,0.13,3.79,3.94,4.02,4.12,4.29,1000,1,"long2","ANTs"
"416","var_ratio[44]",4.1,0,0.13,3.86,4.01,4.1,4.18,4.36,1000,1,"long2","ANTs"
"417","var_ratio[45]",4.3,0,0.14,4.01,4.2,4.29,4.39,4.61,1000,1,"long2","ANTs"
"418","var_ratio[46]",5.07,0.01,0.17,4.75,4.96,5.07,5.18,5.4,1000,1,"long2","ANTs"
"419","var_ratio[47]",3.97,0,0.13,3.75,3.88,3.97,4.05,4.25,1000,1,"long2","ANTs"
"420","var_ratio[48]",3.32,0,0.11,3.11,3.24,3.31,3.39,3.54,1000,1,"long2","ANTs"
"421","var_ratio[49]",3.69,0,0.12,3.47,3.61,3.69,3.77,3.93,1000,1,"long2","ANTs"
"422","var_ratio[50]",3.5,0,0.12,3.28,3.43,3.5,3.58,3.73,1000,1,"long2","ANTs"
"423","var_ratio[51]",4.1,0,0.14,3.83,4.01,4.11,4.19,4.39,1000,1,"long2","ANTs"
"424","var_ratio[52]",4.84,0,0.15,4.55,4.73,4.84,4.93,5.15,1000,1,"long2","ANTs"
"425","var_ratio[53]",3.79,0,0.12,3.55,3.71,3.79,3.87,4.03,1000,1,"long2","ANTs"
"426","var_ratio[54]",5.14,0.01,0.17,4.82,5.01,5.13,5.26,5.45,1000,1,"long2","ANTs"
"427","var_ratio[55]",4.9,0.01,0.17,4.58,4.78,4.89,5.01,5.22,1000,1,"long2","ANTs"
"428","var_ratio[56]",3.88,0,0.13,3.62,3.8,3.88,3.97,4.15,1000,1,"long2","ANTs"
"429","var_ratio[57]",3.66,0,0.11,3.45,3.58,3.65,3.73,3.9,1000,1,"long2","ANTs"
"430","var_ratio[58]",4.3,0,0.14,4.04,4.21,4.29,4.39,4.59,1000,1,"long2","ANTs"
"431","var_ratio[59]",3.99,0,0.13,3.75,3.9,3.99,4.08,4.23,1000,1,"long2","ANTs"
"432","var_ratio[60]",3.77,0,0.13,3.52,3.68,3.76,3.85,4.02,1000,1,"long2","ANTs"
"433","var_ratio[61]",3.3,0,0.11,3.08,3.22,3.3,3.38,3.51,1000,1,"long2","ANTs"
"434","var_ratio[62]",4.87,0.01,0.16,4.54,4.76,4.86,4.97,5.18,1000,1,"long2","ANTs"
"435","sigma[1]",0.2,0,0,0.2,0.2,0.2,0.21,0.21,1000,1,"long2","ANTs"
"436","sigma[2]",0.27,0,0,0.26,0.27,0.27,0.27,0.28,1000,1,"long2","ANTs"
"437","sigma[3]",0.23,0,0,0.22,0.23,0.23,0.23,0.24,1000,1,"long2","ANTs"
"438","sigma[4]",0.23,0,0,0.22,0.22,0.23,0.23,0.23,1000,1,"long2","ANTs"
"439","sigma[5]",0.23,0,0,0.22,0.22,0.23,0.23,0.23,1000,1,"long2","ANTs"
"440","sigma[6]",0.22,0,0,0.22,0.22,0.22,0.23,0.23,1000,1,"long2","ANTs"
"441","sigma[7]",0.25,0,0,0.24,0.24,0.25,0.25,0.25,1000,1,"long2","ANTs"
"442","sigma[8]",0.21,0,0,0.21,0.21,0.21,0.22,0.22,1000,1,"long2","ANTs"
"443","sigma[9]",0.24,0,0,0.23,0.24,0.24,0.24,0.25,1000,1,"long2","ANTs"
"444","sigma[10]",0.24,0,0,0.23,0.24,0.24,0.24,0.25,1000,1,"long2","ANTs"
"445","sigma[11]",0.24,0,0,0.23,0.24,0.24,0.24,0.25,1000,1,"long2","ANTs"
"446","sigma[12]",0.25,0,0,0.24,0.25,0.25,0.25,0.26,1000,1,"long2","ANTs"
"447","sigma[13]",0.23,0,0,0.22,0.23,0.23,0.23,0.24,1000,1,"long2","ANTs"
"448","sigma[14]",0.21,0,0,0.2,0.21,0.21,0.21,0.22,1000,1,"long2","ANTs"
"449","sigma[15]",0.18,0,0,0.18,0.18,0.18,0.18,0.19,1000,1,"long2","ANTs"
"450","sigma[16]",0.24,0,0,0.23,0.24,0.24,0.24,0.25,1000,1,"long2","ANTs"
"451","sigma[17]",0.29,0,0,0.28,0.28,0.29,0.29,0.29,1000,1,"long2","ANTs"
"452","sigma[18]",0.27,0,0,0.26,0.26,0.27,0.27,0.27,1000,1,"long2","ANTs"
"453","sigma[19]",0.27,0,0,0.26,0.26,0.27,0.27,0.28,1000,1,"long2","ANTs"
"454","sigma[20]",0.24,0,0,0.24,0.24,0.24,0.25,0.25,1000,1,"long2","ANTs"
"455","sigma[21]",0.19,0,0,0.19,0.19,0.19,0.2,0.2,1000,1,"long2","ANTs"
"456","sigma[22]",0.26,0,0,0.25,0.26,0.26,0.26,0.27,1000,1,"long2","ANTs"
"457","sigma[23]",0.17,0,0,0.16,0.17,0.17,0.17,0.17,1000,1,"long2","ANTs"
"458","sigma[24]",0.21,0,0,0.2,0.21,0.21,0.21,0.22,1000,1,"long2","ANTs"
"459","sigma[25]",0.27,0,0,0.26,0.27,0.27,0.27,0.28,1000,1,"long2","ANTs"
"460","sigma[26]",0.3,0,0,0.29,0.29,0.3,0.3,0.31,1000,1,"long2","ANTs"
"461","sigma[27]",0.21,0,0,0.2,0.21,0.21,0.21,0.21,1000,1,"long2","ANTs"
"462","sigma[28]",0.23,0,0,0.22,0.23,0.23,0.23,0.24,1000,1,"long2","ANTs"
"463","sigma[29]",0.25,0,0,0.24,0.24,0.25,0.25,0.25,1000,1,"long2","ANTs"
"464","sigma[30]",0.29,0,0,0.28,0.29,0.29,0.29,0.3,1000,1,"long2","ANTs"
"465","sigma[31]",0.22,0,0,0.21,0.21,0.22,0.22,0.22,1000,1,"long2","ANTs"
"466","sigma[32]",0.2,0,0,0.19,0.19,0.2,0.2,0.2,1000,1,"long2","ANTs"
"467","sigma[33]",0.26,0,0,0.25,0.26,0.26,0.26,0.27,1000,1,"long2","ANTs"
"468","sigma[34]",0.26,0,0,0.25,0.26,0.26,0.27,0.27,1000,1,"long2","ANTs"
"469","sigma[35]",0.22,0,0,0.21,0.22,0.22,0.22,0.23,1000,1,"long2","ANTs"
"470","sigma[36]",0.25,0,0,0.24,0.25,0.25,0.25,0.26,1000,1,"long2","ANTs"
"471","sigma[37]",0.23,0,0,0.23,0.23,0.23,0.24,0.24,1000,1,"long2","ANTs"
"472","sigma[38]",0.25,0,0,0.24,0.25,0.25,0.25,0.26,1000,1,"long2","ANTs"
"473","sigma[39]",0.22,0,0,0.21,0.21,0.22,0.22,0.22,1000,1,"long2","ANTs"
"474","sigma[40]",0.27,0,0,0.26,0.27,0.27,0.27,0.28,1000,1,"long2","ANTs"
"475","sigma[41]",0.26,0,0,0.25,0.25,0.26,0.26,0.27,1000,1,"long2","ANTs"
"476","sigma[42]",0.28,0,0,0.27,0.27,0.28,0.28,0.29,1000,1,"long2","ANTs"
"477","sigma[43]",0.25,0,0,0.24,0.24,0.25,0.25,0.26,1000,1,"long2","ANTs"
"478","sigma[44]",0.24,0,0,0.23,0.24,0.24,0.24,0.25,1000,1,"long2","ANTs"
"479","sigma[45]",0.23,0,0,0.22,0.23,0.23,0.23,0.24,1000,1,"long2","ANTs"
"480","sigma[46]",0.2,0,0,0.19,0.19,0.2,0.2,0.2,1000,1,"long2","ANTs"
"481","sigma[47]",0.25,0,0,0.24,0.25,0.25,0.25,0.26,1000,1,"long2","ANTs"
"482","sigma[48]",0.29,0,0,0.28,0.29,0.29,0.3,0.3,1000,1,"long2","ANTs"
"483","sigma[49]",0.26,0,0,0.26,0.26,0.26,0.27,0.27,1000,1,"long2","ANTs"
"484","sigma[50]",0.28,0,0,0.27,0.27,0.28,0.28,0.29,1000,1,"long2","ANTs"
"485","sigma[51]",0.24,0,0,0.24,0.24,0.24,0.25,0.25,1000,1,"long2","ANTs"
"486","sigma[52]",0.21,0,0,0.2,0.21,0.21,0.21,0.21,1000,1,"long2","ANTs"
"487","sigma[53]",0.26,0,0,0.25,0.25,0.26,0.26,0.27,1000,1,"long2","ANTs"
"488","sigma[54]",0.19,0,0,0.19,0.19,0.19,0.2,0.2,1000,1,"long2","ANTs"
"489","sigma[55]",0.2,0,0,0.2,0.2,0.2,0.21,0.21,1000,1,"long2","ANTs"
"490","sigma[56]",0.26,0,0,0.25,0.25,0.26,0.26,0.26,1000,1,"long2","ANTs"
"491","sigma[57]",0.27,0,0,0.26,0.27,0.27,0.27,0.28,1000,1,"long2","ANTs"
"492","sigma[58]",0.24,0,0,0.23,0.23,0.24,0.24,0.24,1000,1,"long2","ANTs"
"493","sigma[59]",0.25,0,0,0.24,0.25,0.25,0.25,0.26,1000,1,"long2","ANTs"
"494","sigma[60]",0.26,0,0,0.25,0.26,0.26,0.26,0.27,1000,1,"long2","ANTs"
"495","sigma[61]",0.29,0,0,0.29,0.29,0.29,0.3,0.3,1000,1,"long2","ANTs"
"496","sigma[62]",0.21,0,0,0.2,0.2,0.21,0.21,0.21,1000,1,"long2","ANTs"
"497","tau_0[1]",1,0,0.03,0.94,0.98,1,1.01,1.05,1000,1,"long2","ANTs"
"498","tau_0[2]",0.97,0,0.03,0.92,0.95,0.97,0.99,1.02,1000,1,"long2","ANTs"
"499","tau_0[3]",0.99,0,0.03,0.94,0.98,0.99,1.01,1.05,1000,1,"long2","ANTs"
"500","tau_0[4]",0.98,0,0.03,0.92,0.96,0.98,1,1.04,1000,1,"long2","ANTs"
"501","tau_0[5]",0.99,0,0.03,0.94,0.97,0.99,1.01,1.05,1000,1,"long2","ANTs"
"502","tau_0[6]",0.99,0,0.03,0.94,0.98,0.99,1.01,1.05,1000,1,"long2","ANTs"
"503","tau_0[7]",0.98,0,0.03,0.93,0.96,0.98,1,1.04,1000,1,"long2","ANTs"
"504","tau_0[8]",0.99,0,0.03,0.95,0.98,0.99,1.01,1.04,1000,1,"long2","ANTs"
"505","tau_0[9]",0.98,0,0.03,0.93,0.97,0.98,1,1.04,1000,1,"long2","ANTs"
"506","tau_0[10]",0.99,0,0.03,0.93,0.97,0.98,1,1.04,1000,1,"long2","ANTs"
"507","tau_0[11]",1,0,0.03,0.95,0.98,1,1.02,1.06,1000,1,"long2","ANTs"
"508","tau_0[12]",0.98,0,0.03,0.93,0.96,0.98,1,1.04,1000,1,"long2","ANTs"
"509","tau_0[13]",0.99,0,0.03,0.94,0.97,0.99,1.01,1.05,1000,1,"long2","ANTs"
"510","tau_0[14]",1,0,0.03,0.94,0.98,1,1.01,1.06,1000,1,"long2","ANTs"
"511","tau_0[15]",0.99,0,0.03,0.94,0.97,0.99,1,1.04,1000,1,"long2","ANTs"
"512","tau_0[16]",0.98,0,0.03,0.93,0.96,0.98,1,1.04,1000,1,"long2","ANTs"
"513","tau_0[17]",0.97,0,0.03,0.92,0.95,0.97,0.99,1.03,1000,1,"long2","ANTs"
"514","tau_0[18]",0.97,0,0.03,0.92,0.95,0.97,0.99,1.03,1000,1,"long2","ANTs"
"515","tau_0[19]",0.98,0,0.03,0.93,0.96,0.98,1,1.04,1000,1,"long2","ANTs"
"516","tau_0[20]",0.98,0,0.03,0.93,0.96,0.98,1,1.03,1000,1,"long2","ANTs"
"517","tau_0[21]",1.01,0,0.03,0.95,0.99,1,1.02,1.06,1000,1,"long2","ANTs"
"518","tau_0[22]",0.98,0,0.03,0.93,0.96,0.98,0.99,1.03,1000,1,"long2","ANTs"
"519","tau_0[23]",1,0,0.03,0.95,0.98,1,1.02,1.06,1000,1,"long2","ANTs"
"520","tau_0[24]",0.99,0,0.03,0.93,0.97,0.99,1.01,1.05,1000,1,"long2","ANTs"
"521","tau_0[25]",0.98,0,0.03,0.93,0.96,0.98,1,1.04,1000,1,"long2","ANTs"
"522","tau_0[26]",0.96,0,0.03,0.92,0.95,0.96,0.98,1.01,1000,1,"long2","ANTs"
"523","tau_0[27]",0.99,0,0.03,0.95,0.98,0.99,1.01,1.05,1000,1,"long2","ANTs"
"524","tau_0[28]",0.98,0,0.03,0.93,0.97,0.98,1,1.04,1000,1,"long2","ANTs"
"525","tau_0[29]",0.99,0,0.03,0.93,0.97,0.99,1.01,1.05,1000,1,"long2","ANTs"
"526","tau_0[30]",0.96,0,0.03,0.91,0.94,0.96,0.98,1.01,1000,1,"long2","ANTs"
"527","tau_0[31]",1,0,0.03,0.94,0.98,1,1.02,1.06,1000,1,"long2","ANTs"
"528","tau_0[32]",1.01,0,0.03,0.95,0.99,1.01,1.03,1.07,1000,1,"long2","ANTs"
"529","tau_0[33]",0.97,0,0.03,0.92,0.95,0.97,0.99,1.03,1000,1,"long2","ANTs"
"530","tau_0[34]",0.99,0,0.03,0.94,0.97,0.99,1.01,1.04,1000,1,"long2","ANTs"
"531","tau_0[35]",0.98,0,0.03,0.93,0.97,0.98,1,1.04,1000,1,"long2","ANTs"
"532","tau_0[36]",0.98,0,0.03,0.93,0.96,0.98,1,1.04,1000,1,"long2","ANTs"
"533","tau_0[37]",0.99,0,0.03,0.94,0.98,0.99,1.01,1.04,1000,1,"long2","ANTs"
"534","tau_0[38]",0.97,0,0.03,0.92,0.95,0.97,0.99,1.03,1000,1,"long2","ANTs"
"535","tau_0[39]",0.98,0,0.03,0.93,0.96,0.98,1,1.04,1000,1,"long2","ANTs"
"536","tau_0[40]",0.97,0,0.03,0.92,0.95,0.97,0.99,1.02,1000,1,"long2","ANTs"
"537","tau_0[41]",0.99,0,0.03,0.93,0.97,0.99,1.01,1.04,1000,1,"long2","ANTs"
"538","tau_0[42]",0.97,0,0.03,0.92,0.95,0.97,0.98,1.02,1000,1,"long2","ANTs"
"539","tau_0[43]",0.99,0,0.03,0.94,0.97,0.99,1.01,1.05,1000,1,"long2","ANTs"
"540","tau_0[44]",0.99,0,0.03,0.94,0.97,0.98,1,1.04,1000,1,"long2","ANTs"
"541","tau_0[45]",0.99,0,0.03,0.94,0.97,0.99,1.01,1.05,1000,1,"long2","ANTs"
"542","tau_0[46]",1,0,0.03,0.94,0.98,1,1.02,1.05,1000,1,"long2","ANTs"
"543","tau_0[47]",0.98,0,0.03,0.94,0.97,0.98,1,1.04,1000,1,"long2","ANTs"
"544","tau_0[48]",0.97,0,0.03,0.92,0.95,0.97,0.99,1.03,1000,1,"long2","ANTs"
"545","tau_0[49]",0.98,0,0.03,0.93,0.96,0.98,0.99,1.03,1000,1,"long2","ANTs"
"546","tau_0[50]",0.97,0,0.03,0.92,0.95,0.97,0.99,1.03,1000,1,"long2","ANTs"
"547","tau_0[51]",1,0,0.03,0.94,0.98,1,1.02,1.06,1000,1,"long2","ANTs"
"548","tau_0[52]",1,0,0.03,0.96,0.99,1,1.02,1.06,1000,1,"long2","ANTs"
"549","tau_0[53]",0.98,0,0.03,0.93,0.96,0.97,0.99,1.03,1000,1,"long2","ANTs"
"550","tau_0[54]",0.99,0,0.03,0.94,0.98,0.99,1.01,1.05,1000,1,"long2","ANTs"
"551","tau_0[55]",1,0,0.03,0.95,0.98,1,1.02,1.06,1000,1,"long2","ANTs"
"552","tau_0[56]",0.99,0,0.03,0.94,0.97,0.99,1.01,1.05,1000,1,"long2","ANTs"
"553","tau_0[57]",0.98,0,0.03,0.93,0.96,0.98,1,1.04,1000,1,"long2","ANTs"
"554","tau_0[58]",1.01,0,0.03,0.96,0.99,1.01,1.03,1.07,1000,1,"long2","ANTs"
"555","tau_0[59]",0.99,0,0.03,0.94,0.97,0.99,1.01,1.05,1000,1,"long2","ANTs"
"556","tau_0[60]",0.98,0,0.03,0.93,0.96,0.98,1,1.04,1000,1,"long2","ANTs"
"557","tau_0[61]",0.97,0,0.03,0.92,0.95,0.97,0.99,1.03,1000,1,"long2","ANTs"
"558","tau_0[62]",1,0,0.03,0.95,0.98,1,1.02,1.06,1000,1,"long2","ANTs"
"559","var_ratio[1]",2.58,0,0.08,2.42,2.52,2.58,2.64,2.74,1000,1,"cross","FS"
"560","var_ratio[2]",2.22,0,0.08,2.08,2.17,2.22,2.28,2.39,1000,1,"cross","FS"
"561","var_ratio[3]",2.34,0,0.08,2.18,2.28,2.34,2.39,2.49,1000,1,"cross","FS"
"562","var_ratio[4]",3.11,0,0.1,2.92,3.04,3.11,3.18,3.32,1000,1,"cross","FS"
"563","var_ratio[5]",2.95,0,0.1,2.76,2.88,2.94,3.01,3.14,1000,1,"cross","FS"
"564","var_ratio[6]",2.82,0,0.1,2.64,2.76,2.82,2.89,3.01,1000,1,"cross","FS"
"565","var_ratio[7]",3.17,0,0.11,2.96,3.09,3.17,3.24,3.39,1000,1,"cross","FS"
"566","var_ratio[8]",2.54,0,0.08,2.38,2.48,2.54,2.6,2.71,1000,1,"cross","FS"
"567","var_ratio[9]",2.59,0,0.08,2.43,2.53,2.59,2.64,2.75,1000,1,"cross","FS"
"568","var_ratio[10]",2.11,0,0.07,1.98,2.07,2.11,2.16,2.26,1000,1,"cross","FS"
"569","var_ratio[11]",2.42,0,0.08,2.27,2.36,2.42,2.48,2.58,1000,1,"cross","FS"
"570","var_ratio[12]",1.79,0,0.06,1.68,1.75,1.79,1.83,1.92,1000,1,"cross","FS"
"571","var_ratio[13]",3.24,0,0.1,3.05,3.17,3.24,3.31,3.45,1000,1,"cross","FS"
"572","var_ratio[14]",4.11,0,0.13,3.88,4.03,4.11,4.2,4.38,1000,1,"cross","FS"
"573","var_ratio[15]",1.86,0,0.07,1.74,1.81,1.86,1.9,2,1000,1,"cross","FS"
"574","var_ratio[16]",2.04,0,0.07,1.9,1.99,2.04,2.09,2.17,1000,1,"cross","FS"
"575","var_ratio[17]",2.49,0,0.08,2.33,2.43,2.49,2.54,2.65,1000,1,"cross","FS"
"576","var_ratio[18]",2.34,0,0.08,2.18,2.29,2.34,2.4,2.49,1000,1,"cross","FS"
"577","var_ratio[19]",1.65,0,0.06,1.54,1.61,1.65,1.69,1.77,1000,1,"cross","FS"
"578","var_ratio[20]",2.2,0,0.07,2.06,2.15,2.2,2.25,2.34,1000,1,"cross","FS"
"579","var_ratio[21]",2.15,0,0.07,2.02,2.1,2.15,2.2,2.3,1000,1,"cross","FS"
"580","var_ratio[22]",1.87,0,0.06,1.75,1.82,1.86,1.91,1.99,1000,1,"cross","FS"
"581","var_ratio[23]",2.75,0,0.09,2.58,2.69,2.75,2.82,2.92,1000,1,"cross","FS"
"582","var_ratio[24]",2.38,0,0.08,2.22,2.32,2.37,2.44,2.56,1000,1,"cross","FS"
"583","var_ratio[25]",2.24,0,0.08,2.11,2.19,2.24,2.29,2.39,1000,1,"cross","FS"
"584","var_ratio[26]",2.48,0,0.08,2.32,2.42,2.47,2.53,2.65,1000,1,"cross","FS"
"585","var_ratio[27]",2.6,0,0.09,2.44,2.54,2.6,2.66,2.77,1000,1,"cross","FS"
"586","var_ratio[28]",3.52,0,0.12,3.31,3.45,3.52,3.6,3.76,1000,1,"cross","FS"
"587","var_ratio[29]",2.61,0,0.09,2.43,2.55,2.6,2.66,2.79,1000,1,"cross","FS"
"588","var_ratio[30]",2.3,0,0.08,2.16,2.24,2.29,2.35,2.45,1000,1,"cross","FS"
"589","var_ratio[31]",2.54,0,0.08,2.4,2.49,2.54,2.59,2.71,1000,1,"cross","FS"
"590","var_ratio[32]",2.74,0,0.09,2.57,2.68,2.74,2.81,2.92,1000,1,"cross","FS"
"591","var_ratio[33]",2.17,0,0.07,2.03,2.11,2.17,2.22,2.32,1000,1,"cross","FS"
"592","var_ratio[34]",2.29,0,0.08,2.14,2.24,2.29,2.34,2.44,1000,1,"cross","FS"
"593","var_ratio[35]",2.96,0,0.09,2.78,2.89,2.96,3.02,3.14,1000,1,"cross","FS"
"594","var_ratio[36]",3.01,0,0.1,2.83,2.94,3,3.08,3.22,1000,1,"cross","FS"
"595","var_ratio[37]",2.71,0,0.09,2.53,2.65,2.7,2.76,2.88,1000,1,"cross","FS"
"596","var_ratio[38]",3.15,0,0.1,2.97,3.09,3.15,3.22,3.37,1000,1,"cross","FS"
"597","var_ratio[39]",2.54,0,0.08,2.38,2.48,2.53,2.59,2.7,1000,1,"cross","FS"
"598","var_ratio[40]",2.53,0,0.08,2.37,2.47,2.53,2.58,2.69,1000,1,"cross","FS"
"599","var_ratio[41]",2.05,0,0.07,1.92,2,2.04,2.1,2.2,1000,1,"cross","FS"
"600","var_ratio[42]",2.47,0,0.08,2.32,2.41,2.47,2.52,2.65,1000,1,"cross","FS"
"601","var_ratio[43]",1.75,0,0.06,1.62,1.71,1.75,1.79,1.87,1000,1,"cross","FS"
"602","var_ratio[44]",3.27,0,0.1,3.08,3.2,3.27,3.34,3.47,1000,1,"cross","FS"
"603","var_ratio[45]",3.57,0,0.12,3.34,3.49,3.57,3.65,3.79,1000,1,"cross","FS"
"604","var_ratio[46]",1.88,0,0.06,1.76,1.84,1.88,1.92,2.01,1000,1,"cross","FS"
"605","var_ratio[47]",2.1,0,0.07,1.97,2.05,2.1,2.14,2.24,1000,1,"cross","FS"
"606","var_ratio[48]",2.22,0,0.08,2.08,2.17,2.22,2.28,2.38,1000,1,"cross","FS"
"607","var_ratio[49]",2.29,0,0.08,2.14,2.24,2.29,2.34,2.44,1000,1,"cross","FS"
"608","var_ratio[50]",1.66,0,0.06,1.55,1.62,1.66,1.7,1.79,1000,1,"cross","FS"
"609","var_ratio[51]",2.19,0,0.08,2.04,2.14,2.19,2.25,2.35,1000,1,"cross","FS"
"610","var_ratio[52]",2.41,0,0.08,2.26,2.35,2.41,2.46,2.57,1000,1,"cross","FS"
"611","var_ratio[53]",1.82,0,0.06,1.71,1.78,1.82,1.86,1.96,1000,1,"cross","FS"
"612","var_ratio[54]",2.65,0,0.09,2.48,2.59,2.65,2.71,2.83,1000,1,"cross","FS"
"613","var_ratio[55]",2.26,0,0.08,2.12,2.2,2.26,2.31,2.41,1000,1,"cross","FS"
"614","var_ratio[56]",2.23,0,0.07,2.1,2.18,2.22,2.27,2.38,1000,1,"cross","FS"
"615","var_ratio[57]",2.52,0,0.09,2.36,2.47,2.52,2.58,2.69,1000,1,"cross","FS"
"616","var_ratio[58]",2.55,0,0.08,2.4,2.5,2.55,2.6,2.72,1000,1,"cross","FS"
"617","var_ratio[59]",3.23,0,0.11,3.02,3.16,3.23,3.3,3.45,1000,1,"cross","FS"
"618","var_ratio[60]",2.34,0,0.08,2.2,2.29,2.34,2.4,2.5,1000,1,"cross","FS"
"619","var_ratio[61]",2.09,0,0.07,1.96,2.04,2.09,2.14,2.22,1000,1,"cross","FS"
"620","var_ratio[62]",2.59,0,0.08,2.44,2.54,2.59,2.64,2.76,1000,1,"cross","FS"
"621","sigma[1]",0.37,0,0.01,0.36,0.36,0.37,0.37,0.38,1000,1,"cross","FS"
"622","sigma[2]",0.41,0,0.01,0.4,0.41,0.41,0.42,0.43,1000,1,"cross","FS"
"623","sigma[3]",0.4,0,0.01,0.38,0.39,0.4,0.4,0.41,1000,1,"cross","FS"
"624","sigma[4]",0.31,0,0,0.3,0.3,0.31,0.31,0.32,1000,1,"cross","FS"
"625","sigma[5]",0.33,0,0.01,0.32,0.32,0.33,0.33,0.34,1000,1,"cross","FS"
"626","sigma[6]",0.34,0,0.01,0.33,0.34,0.34,0.35,0.35,1000,1,"cross","FS"
"627","sigma[7]",0.31,0,0.01,0.3,0.3,0.31,0.31,0.32,1000,1,"cross","FS"
"628","sigma[8]",0.37,0,0.01,0.35,0.36,0.37,0.37,0.38,1000,1,"cross","FS"
"629","sigma[9]",0.37,0,0.01,0.35,0.36,0.36,0.37,0.38,1000,1,"cross","FS"
"630","sigma[10]",0.43,0,0.01,0.42,0.43,0.43,0.44,0.45,1000,1,"cross","FS"
"631","sigma[11]",0.38,0,0.01,0.37,0.38,0.38,0.39,0.4,1000,1,"cross","FS"
"632","sigma[12]",0.49,0,0.01,0.48,0.49,0.49,0.5,0.51,1000,1,"cross","FS"
"633","sigma[13]",0.3,0,0,0.29,0.3,0.3,0.3,0.31,1000,1,"cross","FS"
"634","sigma[14]",0.24,0,0,0.23,0.23,0.24,0.24,0.24,1000,1,"cross","FS"
"635","sigma[15]",0.48,0,0.01,0.46,0.47,0.48,0.48,0.49,1000,1,"cross","FS"
"636","sigma[16]",0.44,0,0.01,0.43,0.44,0.44,0.45,0.46,1000,1,"cross","FS"
"637","sigma[17]",0.38,0,0.01,0.36,0.37,0.38,0.38,0.39,1000,1,"cross","FS"
"638","sigma[18]",0.4,0,0.01,0.38,0.39,0.4,0.4,0.41,1000,1,"cross","FS"
"639","sigma[19]",0.53,0,0.01,0.51,0.52,0.53,0.53,0.55,1000,1,"cross","FS"
"640","sigma[20]",0.41,0,0.01,0.4,0.41,0.41,0.42,0.43,1000,1,"cross","FS"
"641","sigma[21]",0.43,0,0.01,0.41,0.42,0.43,0.43,0.44,1000,1,"cross","FS"
"642","sigma[22]",0.48,0,0.01,0.46,0.47,0.48,0.48,0.49,1000,1,"cross","FS"
"643","sigma[23]",0.35,0,0.01,0.34,0.34,0.35,0.35,0.36,1000,1,"cross","FS"
"644","sigma[24]",0.4,0,0.01,0.38,0.39,0.39,0.4,0.41,1000,1,"cross","FS"
"645","sigma[25]",0.41,0,0.01,0.4,0.41,0.41,0.42,0.43,1000,1,"cross","FS"
"646","sigma[26]",0.38,0,0.01,0.37,0.37,0.38,0.38,0.39,1000,1.01,"cross","FS"
"647","sigma[27]",0.36,0,0.01,0.35,0.36,0.36,0.37,0.37,1000,1,"cross","FS"
"648","sigma[28]",0.28,0,0,0.27,0.27,0.28,0.28,0.29,1000,1,"cross","FS"
"649","sigma[29]",0.36,0,0.01,0.35,0.36,0.36,0.37,0.37,1000,1,"cross","FS"
"650","sigma[30]",0.4,0,0.01,0.39,0.4,0.4,0.41,0.41,1000,1,"cross","FS"
"651","sigma[31]",0.37,0,0.01,0.36,0.36,0.37,0.37,0.38,1000,1,"cross","FS"
"652","sigma[32]",0.35,0,0.01,0.34,0.34,0.35,0.35,0.36,1000,1,"cross","FS"
"653","sigma[33]",0.42,0,0.01,0.41,0.41,0.42,0.42,0.43,1000,1,"cross","FS"
"654","sigma[34]",0.4,0,0.01,0.39,0.4,0.4,0.41,0.42,1000,1,"cross","FS"
"655","sigma[35]",0.32,0,0.01,0.31,0.32,0.32,0.33,0.33,1000,1,"cross","FS"
"656","sigma[36]",0.32,0,0.01,0.31,0.31,0.32,0.32,0.33,1000,1,"cross","FS"
"657","sigma[37]",0.35,0,0.01,0.34,0.35,0.35,0.35,0.36,1000,1,"cross","FS"
"658","sigma[38]",0.31,0,0,0.3,0.3,0.31,0.31,0.32,1000,1,"cross","FS"
"659","sigma[39]",0.37,0,0.01,0.35,0.36,0.37,0.37,0.38,1000,1,"cross","FS"
"660","sigma[40]",0.37,0,0.01,0.36,0.37,0.37,0.37,0.38,1000,1,"cross","FS"
"661","sigma[41]",0.44,0,0.01,0.43,0.44,0.44,0.44,0.45,1000,1,"cross","FS"
"662","sigma[42]",0.38,0,0.01,0.36,0.37,0.38,0.38,0.39,1000,1,"cross","FS"
"663","sigma[43]",0.5,0,0.01,0.48,0.5,0.5,0.51,0.52,1000,1,"cross","FS"
"664","sigma[44]",0.3,0,0,0.29,0.29,0.3,0.3,0.31,1000,1,"cross","FS"
"665","sigma[45]",0.27,0,0,0.27,0.27,0.27,0.28,0.28,1000,1,"cross","FS"
"666","sigma[46]",0.47,0,0.01,0.46,0.47,0.47,0.48,0.49,1000,1,"cross","FS"
"667","sigma[47]",0.43,0,0.01,0.42,0.43,0.43,0.44,0.45,1000,1,"cross","FS"
"668","sigma[48]",0.41,0,0.01,0.4,0.41,0.41,0.42,0.42,1000,1,"cross","FS"
"669","sigma[49]",0.4,0,0.01,0.39,0.4,0.4,0.41,0.42,1000,1,"cross","FS"
"670","sigma[50]",0.52,0,0.01,0.5,0.51,0.52,0.53,0.54,1000,1,"cross","FS"
"671","sigma[51]",0.42,0,0.01,0.4,0.41,0.42,0.42,0.43,1000,1,"cross","FS"
"672","sigma[52]",0.39,0,0.01,0.38,0.39,0.39,0.39,0.4,1000,1,"cross","FS"
"673","sigma[53]",0.48,0,0.01,0.47,0.48,0.48,0.49,0.5,1000,1,"cross","FS"
"674","sigma[54]",0.36,0,0.01,0.34,0.35,0.36,0.36,0.37,1000,1,"cross","FS"
"675","sigma[55]",0.41,0,0.01,0.39,0.4,0.41,0.41,0.42,1000,1,"cross","FS"
"676","sigma[56]",0.41,0,0.01,0.4,0.41,0.41,0.41,0.42,1000,1,"cross","FS"
"677","sigma[57]",0.37,0,0.01,0.36,0.37,0.37,0.38,0.39,1000,1,"cross","FS"
"678","sigma[58]",0.37,0,0.01,0.36,0.37,0.37,0.37,0.38,1000,1,"cross","FS"
"679","sigma[59]",0.3,0,0.01,0.29,0.3,0.3,0.3,0.31,1000,1,"cross","FS"
"680","sigma[60]",0.4,0,0.01,0.38,0.39,0.4,0.4,0.41,1000,1,"cross","FS"
"681","sigma[61]",0.43,0,0.01,0.42,0.43,0.43,0.44,0.45,1000,1,"cross","FS"
"682","sigma[62]",0.36,0,0.01,0.35,0.36,0.36,0.37,0.38,1000,1,"cross","FS"
"683","tau_0[1]",0.95,0,0.03,0.9,0.93,0.95,0.97,1.01,1000,1,"cross","FS"
"684","tau_0[2]",0.92,0,0.03,0.87,0.9,0.92,0.94,0.98,1000,1,"cross","FS"
"685","tau_0[3]",0.93,0,0.03,0.87,0.91,0.93,0.95,0.99,1000,1,"cross","FS"
"686","tau_0[4]",0.95,0,0.03,0.9,0.94,0.95,0.97,1.01,1000,1,"cross","FS"
"687","tau_0[5]",0.96,0,0.03,0.91,0.94,0.96,0.98,1.01,1000,1,"cross","FS"
"688","tau_0[6]",0.96,0,0.03,0.91,0.95,0.96,0.98,1.02,1000,1,"cross","FS"
"689","tau_0[7]",0.97,0,0.03,0.92,0.95,0.97,0.99,1.03,1000,1,"cross","FS"
"690","tau_0[8]",0.93,0,0.03,0.88,0.91,0.93,0.95,0.98,1000,1,"cross","FS"
"691","tau_0[9]",0.94,0,0.03,0.9,0.92,0.94,0.96,1,1000,1,"cross","FS"
"692","tau_0[10]",0.92,0,0.03,0.87,0.9,0.92,0.94,0.97,1000,1,"cross","FS"
"693","tau_0[11]",0.93,0,0.03,0.88,0.91,0.92,0.94,0.98,1000,1,"cross","FS"
"694","tau_0[12]",0.88,0,0.02,0.83,0.87,0.88,0.9,0.93,1000,1,"cross","FS"
"695","tau_0[13]",0.97,0,0.03,0.92,0.95,0.97,0.99,1.02,1000,1,"cross","FS"
"696","tau_0[14]",0.97,0,0.03,0.93,0.96,0.97,0.99,1.03,1000,1,"cross","FS"
"697","tau_0[15]",0.89,0,0.03,0.84,0.87,0.89,0.91,0.95,1000,1,"cross","FS"
"698","tau_0[16]",0.9,0,0.03,0.85,0.88,0.9,0.92,0.95,1000,1,"cross","FS"
"699","tau_0[17]",0.93,0,0.03,0.89,0.92,0.93,0.95,0.99,1000,1,"cross","FS"
"700","tau_0[18]",0.93,0,0.03,0.88,0.91,0.93,0.95,0.98,1000,1,"cross","FS"
"701","tau_0[19]",0.87,0,0.03,0.82,0.86,0.87,0.89,0.92,1000,1,"cross","FS"
"702","tau_0[20]",0.91,0,0.03,0.86,0.89,0.91,0.93,0.97,1000,1,"cross","FS"
"703","tau_0[21]",0.92,0,0.03,0.87,0.9,0.92,0.93,0.97,1000,1,"cross","FS"
"704","tau_0[22]",0.89,0,0.03,0.84,0.87,0.89,0.91,0.94,1000,1,"cross","FS"
"705","tau_0[23]",0.95,0,0.03,0.9,0.94,0.95,0.97,1,1000,1,"cross","FS"
"706","tau_0[24]",0.94,0,0.03,0.89,0.92,0.94,0.96,1,1000,1,"cross","FS"
"707","tau_0[25]",0.92,0,0.03,0.87,0.9,0.92,0.94,0.98,1000,1,"cross","FS"
"708","tau_0[26]",0.93,0,0.03,0.88,0.92,0.93,0.95,0.99,1000,1,"cross","FS"
"709","tau_0[27]",0.94,0,0.03,0.89,0.92,0.94,0.96,1,1000,1,"cross","FS"
"710","tau_0[28]",0.98,0,0.03,0.92,0.96,0.97,0.99,1.03,1000,1,"cross","FS"
"711","tau_0[29]",0.94,0,0.03,0.89,0.92,0.94,0.96,0.99,1000,1,"cross","FS"
"712","tau_0[30]",0.93,0,0.03,0.87,0.91,0.92,0.94,0.98,1000,1,"cross","FS"
"713","tau_0[31]",0.94,0,0.02,0.89,0.92,0.93,0.95,0.99,1000,1,"cross","FS"
"714","tau_0[32]",0.95,0,0.03,0.9,0.93,0.95,0.97,1,1000,1,"cross","FS"
"715","tau_0[33]",0.91,0,0.03,0.86,0.89,0.91,0.93,0.97,1000,1,"cross","FS"
"716","tau_0[34]",0.92,0,0.03,0.87,0.9,0.92,0.94,0.98,1000,1,"cross","FS"
"717","tau_0[35]",0.96,0,0.03,0.91,0.94,0.96,0.97,1.01,1000,1,"cross","FS"
"718","tau_0[36]",0.96,0,0.03,0.91,0.94,0.96,0.97,1.02,1000,1,"cross","FS"
"719","tau_0[37]",0.95,0,0.03,0.89,0.93,0.94,0.96,1,1000,1,"cross","FS"
"720","tau_0[38]",0.97,0,0.03,0.92,0.95,0.97,0.99,1.03,1000,1,"cross","FS"
"721","tau_0[39]",0.93,0,0.03,0.88,0.91,0.93,0.95,0.98,1000,1,"cross","FS"
"722","tau_0[40]",0.93,0,0.03,0.88,0.92,0.93,0.95,0.99,1000,1,"cross","FS"
"723","tau_0[41]",0.9,0,0.03,0.85,0.88,0.9,0.92,0.95,1000,1,"cross","FS"
"724","tau_0[42]",0.93,0,0.03,0.88,0.91,0.93,0.95,0.98,1000,1,"cross","FS"
"725","tau_0[43]",0.88,0,0.03,0.82,0.86,0.88,0.89,0.93,1000,1,"cross","FS"
"726","tau_0[44]",0.97,0,0.03,0.92,0.95,0.97,0.99,1.02,1000,1,"cross","FS"
"727","tau_0[45]",0.98,0,0.03,0.92,0.96,0.98,1,1.03,1000,1,"cross","FS"
"728","tau_0[46]",0.89,0,0.03,0.84,0.87,0.89,0.91,0.94,1000,1,"cross","FS"
"729","tau_0[47]",0.91,0,0.03,0.86,0.89,0.91,0.93,0.96,1000,1,"cross","FS"
"730","tau_0[48]",0.92,0,0.03,0.87,0.9,0.92,0.93,0.97,1000,1,"cross","FS"
"731","tau_0[49]",0.93,0,0.03,0.88,0.91,0.92,0.94,0.98,1000,1,"cross","FS"
"732","tau_0[50]",0.86,0,0.03,0.81,0.85,0.86,0.88,0.91,1000,1,"cross","FS"
"733","tau_0[51]",0.92,0,0.03,0.87,0.9,0.92,0.93,0.97,1000,1,"cross","FS"
"734","tau_0[52]",0.94,0,0.03,0.89,0.92,0.94,0.96,0.99,1000,1,"cross","FS"
"735","tau_0[53]",0.88,0,0.03,0.83,0.86,0.88,0.89,0.93,1000,1,"cross","FS"
"736","tau_0[54]",0.95,0,0.03,0.89,0.93,0.94,0.96,1,1000,1,"cross","FS"
"737","tau_0[55]",0.92,0,0.03,0.87,0.9,0.92,0.93,0.97,1000,1,"cross","FS"
"738","tau_0[56]",0.91,0,0.03,0.86,0.9,0.91,0.93,0.97,1000,1,"cross","FS"
"739","tau_0[57]",0.94,0,0.03,0.89,0.92,0.94,0.96,1,1000,1,"cross","FS"
"740","tau_0[58]",0.95,0,0.03,0.9,0.93,0.95,0.96,1,1000,1,"cross","FS"
"741","tau_0[59]",0.97,0,0.03,0.91,0.95,0.97,0.99,1.02,1000,1,"cross","FS"
"742","tau_0[60]",0.93,0,0.03,0.87,0.91,0.93,0.94,0.98,1000,1,"cross","FS"
"743","tau_0[61]",0.9,0,0.03,0.85,0.89,0.9,0.92,0.95,1000,1,"cross","FS"
"744","tau_0[62]",0.94,0,0.03,0.89,0.93,0.94,0.96,1,1000,1,"cross","FS"
"745","var_ratio[1]",2.81,0,0.1,2.62,2.75,2.81,2.88,3,1000,1,"long1","FS"
"746","var_ratio[2]",2.31,0,0.08,2.16,2.26,2.31,2.37,2.47,1000,1,"long1","FS"
"747","var_ratio[3]",2.49,0,0.08,2.33,2.43,2.48,2.54,2.65,1000,1,"long1","FS"
"748","var_ratio[4]",4.61,0,0.15,4.31,4.51,4.61,4.72,4.92,1000,1,"long1","FS"
"749","var_ratio[5]",3.16,0,0.1,2.97,3.09,3.16,3.23,3.37,1000,1,"long1","FS"
"750","var_ratio[6]",2.86,0,0.09,2.69,2.8,2.87,2.93,3.04,1000,1,"long1","FS"
"751","var_ratio[7]",3.57,0,0.12,3.36,3.49,3.57,3.65,3.8,1000,1,"long1","FS"
"752","var_ratio[8]",3.63,0,0.12,3.41,3.55,3.62,3.71,3.87,1000,1,"long1","FS"
"753","var_ratio[9]",2.67,0,0.09,2.49,2.6,2.67,2.73,2.85,1000,1,"long1","FS"
"754","var_ratio[10]",2.87,0,0.1,2.69,2.8,2.87,2.94,3.05,1000,1,"long1","FS"
"755","var_ratio[11]",2.64,0,0.09,2.48,2.59,2.64,2.7,2.82,1000,1,"long1","FS"
"756","var_ratio[12]",2.76,0,0.09,2.59,2.7,2.76,2.82,2.95,1000,1,"long1","FS"
"757","var_ratio[13]",3.28,0,0.11,3.07,3.21,3.28,3.35,3.48,1000,1,"long1","FS"
"758","var_ratio[14]",4.51,0,0.15,4.24,4.41,4.51,4.6,4.8,1000,1,"long1","FS"
"759","var_ratio[15]",2.19,0,0.08,2.04,2.14,2.19,2.24,2.35,1000,1,"long1","FS"
"760","var_ratio[16]",2.06,0,0.07,1.93,2.02,2.06,2.11,2.21,1000,1,"long1","FS"
"761","var_ratio[17]",2.5,0,0.09,2.33,2.44,2.5,2.56,2.68,1000,1,"long1","FS"
"762","var_ratio[18]",2.38,0,0.08,2.24,2.33,2.38,2.44,2.54,1000,1,"long1","FS"
"763","var_ratio[19]",2,0,0.07,1.86,1.95,1.99,2.04,2.14,1000,1,"long1","FS"
"764","var_ratio[20]",2.23,0,0.08,2.09,2.18,2.23,2.28,2.39,1000,1,"long1","FS"
"765","var_ratio[21]",2.84,0,0.09,2.66,2.78,2.83,2.9,3.03,1000,1,"long1","FS"
"766","var_ratio[22]",2,0,0.07,1.86,1.96,2,2.05,2.14,1000,1,"long1","FS"
"767","var_ratio[23]",2.87,0,0.1,2.68,2.8,2.87,2.93,3.08,1000,1,"long1","FS"
"768","var_ratio[24]",3.11,0,0.09,2.93,3.05,3.11,3.17,3.29,1000,1,"long1","FS"
"769","var_ratio[25]",2.51,0,0.08,2.36,2.46,2.51,2.57,2.68,1000,1,"long1","FS"
"770","var_ratio[26]",2.75,0,0.09,2.58,2.69,2.75,2.82,2.93,1000,1,"long1","FS"
"771","var_ratio[27]",2.58,0,0.08,2.42,2.52,2.58,2.63,2.74,1000,1,"long1","FS"
"772","var_ratio[28]",3.57,0,0.12,3.34,3.49,3.56,3.65,3.81,1000,1,"long1","FS"
"773","var_ratio[29]",2.62,0,0.08,2.46,2.56,2.62,2.68,2.79,1000,1,"long1","FS"
"774","var_ratio[30]",2.21,0,0.07,2.07,2.16,2.21,2.26,2.35,1000,1,"long1","FS"
"775","var_ratio[31]",3.51,0,0.12,3.28,3.43,3.51,3.58,3.74,1000,1,"long1","FS"
"776","var_ratio[32]",3.78,0,0.12,3.54,3.69,3.77,3.86,4.01,1000,1,"long1","FS"
"777","var_ratio[33]",2.2,0,0.08,2.05,2.15,2.2,2.25,2.35,1000,1,"long1","FS"
"778","var_ratio[34]",2.35,0,0.08,2.19,2.29,2.35,2.41,2.52,1000,1,"long1","FS"
"779","var_ratio[35]",4.52,0,0.15,4.23,4.43,4.52,4.61,4.82,1000,1,"long1","FS"
"780","var_ratio[36]",3.14,0,0.1,2.95,3.06,3.13,3.21,3.35,1000,1,"long1","FS"
"781","var_ratio[37]",2.63,0,0.09,2.47,2.58,2.63,2.69,2.8,1000,1.01,"long1","FS"
"782","var_ratio[38]",3.58,0,0.12,3.34,3.5,3.58,3.66,3.83,1000,1,"long1","FS"
"783","var_ratio[39]",3.71,0,0.11,3.5,3.63,3.71,3.78,3.94,1000,1.01,"long1","FS"
"784","var_ratio[40]",2.61,0,0.08,2.44,2.55,2.61,2.67,2.77,1000,1,"long1","FS"
"785","var_ratio[41]",2.88,0,0.09,2.71,2.82,2.88,2.94,3.08,1000,1,"long1","FS"
"786","var_ratio[42]",2.6,0,0.09,2.41,2.53,2.6,2.66,2.77,1000,1,"long1","FS"
"787","var_ratio[43]",2.95,0,0.1,2.76,2.88,2.95,3.02,3.17,1000,1,"long1","FS"
"788","var_ratio[44]",3.38,0,0.11,3.17,3.3,3.38,3.45,3.59,1000,1,"long1","FS"
"789","var_ratio[45]",3.75,0,0.13,3.51,3.66,3.74,3.83,4,1000,1,"long1","FS"
"790","var_ratio[46]",2.11,0,0.07,1.97,2.06,2.1,2.15,2.25,1000,1,"long1","FS"
"791","var_ratio[47]",2.21,0,0.07,2.07,2.16,2.21,2.26,2.36,1000,1,"long1","FS"
"792","var_ratio[48]",2.69,0,0.09,2.52,2.62,2.69,2.75,2.87,1000,1,"long1","FS"
"793","var_ratio[49]",2.52,0,0.09,2.35,2.46,2.52,2.58,2.69,1000,1,"long1","FS"
"794","var_ratio[50]",1.96,0,0.07,1.83,1.92,1.96,2.01,2.11,1000,1,"long1","FS"
"795","var_ratio[51]",2.19,0,0.07,2.05,2.14,2.19,2.24,2.33,1000,1,"long1","FS"
"796","var_ratio[52]",3.12,0,0.1,2.92,3.04,3.12,3.18,3.32,1000,1,"long1","FS"
"797","var_ratio[53]",1.92,0,0.07,1.79,1.88,1.92,1.97,2.05,1000,1,"long1","FS"
"798","var_ratio[54]",2.87,0,0.1,2.7,2.8,2.87,2.93,3.06,1000,1,"long1","FS"
"799","var_ratio[55]",3.01,0,0.11,2.82,2.93,3,3.08,3.22,1000,1,"long1","FS"
"800","var_ratio[56]",2.47,0,0.08,2.32,2.42,2.47,2.52,2.63,1000,1,"long1","FS"
"801","var_ratio[57]",2.65,0,0.09,2.49,2.59,2.64,2.7,2.82,1000,1,"long1","FS"
"802","var_ratio[58]",2.5,0,0.08,2.34,2.44,2.5,2.56,2.67,1000,1,"long1","FS"
"803","var_ratio[59]",3.46,0,0.11,3.25,3.38,3.45,3.53,3.69,1000,1,"long1","FS"
"804","var_ratio[60]",2.41,0,0.08,2.26,2.35,2.41,2.46,2.58,1000,1,"long1","FS"
"805","var_ratio[61]",2.04,0,0.07,1.9,1.99,2.03,2.08,2.18,1000,1,"long1","FS"
"806","var_ratio[62]",3.89,0,0.13,3.65,3.8,3.89,3.97,4.16,1000,1,"long1","FS"
"807","sigma[1]",0.34,0,0.01,0.33,0.34,0.34,0.34,0.35,1000,1,"long1","FS"
"808","sigma[2]",0.4,0,0.01,0.39,0.4,0.4,0.41,0.41,1000,1,"long1","FS"
"809","sigma[3]",0.38,0,0.01,0.37,0.38,0.38,0.38,0.39,1000,1,"long1","FS"
"810","sigma[4]",0.21,0,0,0.21,0.21,0.21,0.22,0.22,1000,1,"long1","FS"
"811","sigma[5]",0.31,0,0.01,0.3,0.3,0.31,0.31,0.32,1000,1,"long1","FS"
"812","sigma[6]",0.34,0,0.01,0.33,0.34,0.34,0.34,0.35,1000,1,"long1","FS"
"813","sigma[7]",0.27,0,0,0.27,0.27,0.27,0.28,0.28,1000,1,"long1","FS"
"814","sigma[8]",0.27,0,0,0.26,0.26,0.27,0.27,0.28,1000,1,"long1","FS"
"815","sigma[9]",0.36,0,0.01,0.34,0.35,0.36,0.36,0.37,1000,1,"long1","FS"
"816","sigma[10]",0.34,0,0.01,0.33,0.33,0.34,0.34,0.35,1000,1,"long1","FS"
"817","sigma[11]",0.36,0,0.01,0.35,0.36,0.36,0.36,0.37,1000,1,"long1","FS"
"818","sigma[12]",0.34,0,0.01,0.33,0.34,0.34,0.35,0.36,1000,1,"long1","FS"
"819","sigma[13]",0.3,0,0.01,0.29,0.29,0.3,0.3,0.31,1000,1,"long1","FS"
"820","sigma[14]",0.22,0,0,0.21,0.21,0.22,0.22,0.22,1000,1,"long1","FS"
"821","sigma[15]",0.42,0,0.01,0.41,0.42,0.42,0.43,0.44,1000,1,"long1","FS"
"822","sigma[16]",0.44,0,0.01,0.43,0.44,0.44,0.45,0.46,1000,1,"long1","FS"
"823","sigma[17]",0.37,0,0.01,0.36,0.37,0.37,0.38,0.39,1000,1,"long1","FS"
"824","sigma[18]",0.39,0,0.01,0.38,0.39,0.39,0.4,0.41,1000,1,"long1","FS"
"825","sigma[19]",0.46,0,0.01,0.45,0.46,0.46,0.47,0.48,1000,1,"long1","FS"
"826","sigma[20]",0.41,0,0.01,0.4,0.4,0.41,0.41,0.42,1000,1,"long1","FS"
"827","sigma[21]",0.34,0,0.01,0.33,0.33,0.34,0.34,0.35,1000,1,"long1","FS"
"828","sigma[22]",0.45,0,0.01,0.44,0.45,0.45,0.46,0.47,1000,1,"long1","FS"
"829","sigma[23]",0.34,0,0.01,0.33,0.33,0.34,0.34,0.35,1000,1,"long1","FS"
"830","sigma[24]",0.31,0,0.01,0.3,0.31,0.31,0.32,0.32,1000,1,"long1","FS"
"831","sigma[25]",0.38,0,0.01,0.36,0.37,0.38,0.38,0.39,1000,1,"long1","FS"
"832","sigma[26]",0.35,0,0.01,0.34,0.34,0.35,0.35,0.36,1000,1,"long1","FS"
"833","sigma[27]",0.37,0,0.01,0.36,0.36,0.37,0.37,0.38,1000,1,"long1","FS"
"834","sigma[28]",0.27,0,0,0.27,0.27,0.27,0.28,0.28,1000,1,"long1","FS"
"835","sigma[29]",0.36,0,0.01,0.35,0.36,0.36,0.37,0.37,1000,1,"long1","FS"
"836","sigma[30]",0.42,0,0.01,0.41,0.41,0.42,0.42,0.43,1000,1,"long1","FS"
"837","sigma[31]",0.28,0,0,0.27,0.27,0.28,0.28,0.29,1000,1,"long1","FS"
"838","sigma[32]",0.26,0,0,0.25,0.25,0.26,0.26,0.27,1000,1,"long1","FS"
"839","sigma[33]",0.42,0,0.01,0.4,0.41,0.42,0.42,0.43,1000,1,"long1","FS"
"840","sigma[34]",0.4,0,0.01,0.38,0.39,0.4,0.4,0.41,1000,1,"long1","FS"
"841","sigma[35]",0.22,0,0,0.21,0.22,0.22,0.22,0.23,1000,1,"long1","FS"
"842","sigma[36]",0.31,0,0,0.3,0.3,0.31,0.31,0.32,1000,1,"long1","FS"
"843","sigma[37]",0.36,0,0.01,0.35,0.36,0.36,0.36,0.37,1000,1.01,"long1","FS"
"844","sigma[38]",0.27,0,0,0.27,0.27,0.27,0.28,0.28,1000,1,"long1","FS"
"845","sigma[39]",0.26,0,0,0.25,0.26,0.26,0.26,0.27,1000,1,"long1","FS"
"846","sigma[40]",0.36,0,0.01,0.35,0.36,0.36,0.36,0.37,1000,1,"long1","FS"
"847","sigma[41]",0.33,0,0.01,0.32,0.33,0.33,0.33,0.34,1000,1,"long1","FS"
"848","sigma[42]",0.36,0,0.01,0.35,0.36,0.36,0.37,0.37,1000,1,"long1","FS"
"849","sigma[43]",0.33,0,0.01,0.32,0.32,0.33,0.33,0.34,1000,1,"long1","FS"
"850","sigma[44]",0.29,0,0,0.28,0.28,0.29,0.29,0.3,1000,1,"long1","FS"
"851","sigma[45]",0.26,0,0,0.25,0.26,0.26,0.27,0.27,1000,1,"long1","FS"
"852","sigma[46]",0.43,0,0.01,0.42,0.43,0.43,0.44,0.45,1000,1,"long1","FS"
"853","sigma[47]",0.42,0,0.01,0.4,0.41,0.42,0.42,0.43,1000,1,"long1","FS"
"854","sigma[48]",0.35,0,0.01,0.34,0.35,0.35,0.36,0.36,1000,1,"long1","FS"
"855","sigma[49]",0.37,0,0.01,0.36,0.37,0.37,0.38,0.38,1000,1,"long1","FS"
"856","sigma[50]",0.46,0,0.01,0.44,0.45,0.46,0.46,0.47,1000,1,"long1","FS"
"857","sigma[51]",0.42,0,0.01,0.4,0.41,0.42,0.42,0.43,1000,1,"long1","FS"
"858","sigma[52]",0.31,0,0.01,0.3,0.31,0.31,0.32,0.32,1000,1,"long1","FS"
"859","sigma[53]",0.46,0,0.01,0.45,0.46,0.46,0.47,0.48,1000,1,"long1","FS"
"860","sigma[54]",0.34,0,0.01,0.32,0.33,0.34,0.34,0.35,1000,1,"long1","FS"
"861","sigma[55]",0.32,0,0.01,0.31,0.32,0.32,0.32,0.33,1000,1,"long1","FS"
"862","sigma[56]",0.38,0,0.01,0.37,0.37,0.38,0.38,0.39,1000,1,"long1","FS"
"863","sigma[57]",0.36,0,0.01,0.35,0.36,0.36,0.36,0.37,1000,1,"long1","FS"
"864","sigma[58]",0.38,0,0.01,0.37,0.37,0.38,0.38,0.39,1000,1.01,"long1","FS"
"865","sigma[59]",0.28,0,0,0.27,0.28,0.28,0.29,0.29,1000,1,"long1","FS"
"866","sigma[60]",0.39,0,0.01,0.38,0.38,0.39,0.39,0.4,1000,1,"long1","FS"
"867","sigma[61]",0.44,0,0.01,0.43,0.44,0.44,0.45,0.46,1000,1,"long1","FS"
"868","sigma[62]",0.25,0,0,0.25,0.25,0.25,0.26,0.26,1000,1,"long1","FS"
"869","tau_0[1]",0.96,0,0.03,0.91,0.94,0.96,0.98,1.01,1000,1,"long1","FS"
"870","tau_0[2]",0.93,0,0.03,0.88,0.91,0.93,0.95,0.98,1000,1,"long1","FS"
"871","tau_0[3]",0.95,0,0.03,0.9,0.93,0.94,0.96,1,1000,1,"long1","FS"
"872","tau_0[4]",0.98,0,0.03,0.93,0.96,0.98,1,1.04,1000,1,"long1","FS"
"873","tau_0[5]",0.97,0,0.03,0.91,0.95,0.96,0.98,1.02,1000,1,"long1","FS"
"874","tau_0[6]",0.97,0,0.03,0.92,0.95,0.97,0.99,1.02,1000,1,"long1","FS"
"875","tau_0[7]",0.98,0,0.03,0.93,0.96,0.98,1,1.03,1000,1,"long1","FS"
"876","tau_0[8]",0.97,0,0.03,0.92,0.95,0.97,0.99,1.02,1000,1,"long1","FS"
"877","tau_0[9]",0.95,0,0.03,0.9,0.93,0.95,0.97,1.01,1000,1,"long1","FS"
"878","tau_0[10]",0.96,0,0.03,0.91,0.94,0.96,0.98,1.02,1000,1,"long1","FS"
"879","tau_0[11]",0.95,0,0.03,0.9,0.93,0.95,0.97,1,1000,1,"long1","FS"
"880","tau_0[12]",0.95,0,0.03,0.9,0.93,0.95,0.97,1.01,1000,1,"long1","FS"
"881","tau_0[13]",0.98,0,0.03,0.92,0.96,0.97,0.99,1.03,1000,1,"long1","FS"
"882","tau_0[14]",0.98,0,0.03,0.93,0.96,0.98,1,1.03,1000,1,"long1","FS"
"883","tau_0[15]",0.93,0,0.03,0.87,0.91,0.93,0.94,0.98,1000,1,"long1","FS"
"884","tau_0[16]",0.91,0,0.03,0.86,0.89,0.91,0.93,0.97,1000,1,"long1","FS"
"885","tau_0[17]",0.93,0,0.03,0.88,0.91,0.93,0.95,0.99,1000,1,"long1","FS"
"886","tau_0[18]",0.94,0,0.03,0.89,0.92,0.94,0.96,0.99,1000,1,"long1","FS"
"887","tau_0[19]",0.92,0,0.03,0.87,0.9,0.92,0.94,0.98,1000,1,"long1","FS"
"888","tau_0[20]",0.91,0,0.03,0.86,0.89,0.91,0.93,0.97,1000,1,"long1","FS"
"889","tau_0[21]",0.95,0,0.03,0.9,0.94,0.95,0.97,1.01,1000,1,"long1","FS"
"890","tau_0[22]",0.9,0,0.03,0.85,0.89,0.9,0.92,0.96,1000,1,"long1","FS"
"891","tau_0[23]",0.96,0,0.03,0.91,0.94,0.96,0.98,1.02,1000,1,"long1","FS"
"892","tau_0[24]",0.97,0,0.03,0.93,0.95,0.97,0.99,1.03,1000,1,"long1","FS"
"893","tau_0[25]",0.94,0,0.03,0.89,0.93,0.94,0.96,1,1000,1,"long1","FS"
"894","tau_0[26]",0.96,0,0.03,0.91,0.94,0.96,0.97,1.01,1000,1,"long1","FS"
"895","tau_0[27]",0.95,0,0.03,0.89,0.93,0.95,0.96,1.01,1000,1,"long1","FS"
"896","tau_0[28]",0.98,0,0.03,0.93,0.96,0.98,1,1.04,1000,1,"long1","FS"
"897","tau_0[29]",0.95,0,0.03,0.9,0.93,0.95,0.97,1,1000,1,"long1","FS"
"898","tau_0[30]",0.93,0,0.03,0.88,0.91,0.93,0.94,0.98,1000,1,"long1","FS"
"899","tau_0[31]",0.97,0,0.03,0.92,0.95,0.97,0.99,1.03,1000,1,"long1","FS"
"900","tau_0[32]",0.97,0,0.03,0.92,0.95,0.97,0.99,1.02,1000,1,"long1","FS"
"901","tau_0[33]",0.92,0,0.03,0.86,0.89,0.92,0.94,0.97,1000,1,"long1","FS"
"902","tau_0[34]",0.93,0,0.03,0.88,0.91,0.93,0.95,0.99,1000,1,"long1","FS"
"903","tau_0[35]",0.99,0,0.03,0.94,0.97,0.99,1,1.04,1000,1,"long1","FS"
"904","tau_0[36]",0.96,0,0.03,0.92,0.94,0.96,0.98,1.02,1000,1,"long1","FS"
"905","tau_0[37]",0.95,0,0.03,0.9,0.93,0.95,0.97,1,1000,1,"long1","FS"
"906","tau_0[38]",0.98,0,0.03,0.93,0.97,0.98,1,1.04,1000,1,"long1","FS"
"907","tau_0[39]",0.97,0,0.03,0.92,0.95,0.97,0.99,1.02,1000,1,"long1","FS"
"908","tau_0[40]",0.94,0,0.03,0.89,0.92,0.94,0.96,1,1000,1,"long1","FS"
"909","tau_0[41]",0.95,0,0.03,0.9,0.93,0.95,0.97,1,1000,1,"long1","FS"
"910","tau_0[42]",0.94,0,0.03,0.88,0.92,0.94,0.96,0.99,1000,1,"long1","FS"
"911","tau_0[43]",0.97,0,0.03,0.92,0.95,0.97,0.99,1.03,1000,1,"long1","FS"
"912","tau_0[44]",0.97,0,0.03,0.92,0.95,0.97,0.99,1.02,1000,1,"long1","FS"
"913","tau_0[45]",0.98,0,0.03,0.93,0.96,0.98,1,1.04,1000,1,"long1","FS"
"914","tau_0[46]",0.91,0,0.02,0.87,0.9,0.91,0.93,0.96,1000,1,"long1","FS"
"915","tau_0[47]",0.92,0,0.03,0.87,0.9,0.92,0.94,0.97,1000,1,"long1","FS"
"916","tau_0[48]",0.95,0,0.03,0.9,0.93,0.95,0.97,1,1000,1,"long1","FS"
"917","tau_0[49]",0.94,0,0.03,0.89,0.92,0.94,0.96,1,1000,1,"long1","FS"
"918","tau_0[50]",0.9,0,0.03,0.85,0.88,0.9,0.91,0.95,1000,1,"long1","FS"
"919","tau_0[51]",0.91,0,0.03,0.87,0.9,0.91,0.93,0.97,1000,1,"long1","FS"
"920","tau_0[52]",0.97,0,0.03,0.92,0.95,0.97,0.99,1.03,1000,1,"long1","FS"
"921","tau_0[53]",0.89,0,0.03,0.84,0.88,0.89,0.91,0.95,1000,1,"long1","FS"
"922","tau_0[54]",0.96,0,0.03,0.91,0.94,0.96,0.98,1.02,1000,1,"long1","FS"
"923","tau_0[55]",0.96,0,0.03,0.91,0.94,0.96,0.98,1.02,1000,1,"long1","FS"
"924","tau_0[56]",0.94,0,0.03,0.88,0.92,0.94,0.95,0.99,1000,1,"long1","FS"
"925","tau_0[57]",0.95,0,0.03,0.9,0.93,0.95,0.97,1.01,1000,1,"long1","FS"
"926","tau_0[58]",0.94,0,0.03,0.89,0.93,0.94,0.96,1,1000,1,"long1","FS"
"927","tau_0[59]",0.98,0,0.03,0.93,0.96,0.98,1,1.04,1000,1,"long1","FS"
"928","tau_0[60]",0.94,0,0.03,0.88,0.92,0.94,0.95,1,1000,1,"long1","FS"
"929","tau_0[61]",0.9,0,0.03,0.85,0.89,0.9,0.92,0.95,1000,1,"long1","FS"
"930","tau_0[62]",0.99,0,0.03,0.94,0.97,0.99,1.01,1.05,1000,1,"long1","FS"
